https://farm66.staticflickr.com/65535/49055583328_1dd2b7b2d6_z.jpg,https://farm66.staticflickr.com/65535/49055583328_1cf2489dfe_o.png
https://farm66.staticflickr.com/65535/49056094511_a230403826_z.jpg,https://farm66.staticflickr.com/65535/49056094511_204cf8ee55_o.png
https://farm66.staticflickr.com/65535/49055583043_959865c34e_z.jpg,https://farm66.staticflickr.com/65535/49055583043_4ce9751f10_o.png
https://farm66.staticflickr.com/65535/49055582683_d28c96802b_z.jpg,https://farm66.staticflickr.com/65535/49055582683_7545328d90_o.png
https://farm66.staticflickr.com/65535/49056093826_cca58d64a0_z.jpg,https://farm66.staticflickr.com/65535/49056093826_5066cf4878_o.png
https://farm66.staticflickr.com/65535/49055581943_d9bec0d423_z.jpg,https://farm66.staticflickr.com/65535/49055581943_02f70ce4e1_o.png
https://farm66.staticflickr.com/65535/49056311477_362501f3d1_z.jpg,https://farm66.staticflickr.com/65535/49056311477_2732caec3b_o.png
https://farm66.staticflickr.com/65535/49056310902_543e13a39b_z.jpg,https://farm66.staticflickr.com/65535/49056310902_777065dd74_o.png
https://farm66.staticflickr.com/65535/49056092946_b59e47c26d_z.jpg,https://farm66.staticflickr.com/65535/49056092946_c284cf50c0_o.png
https://farm66.staticflickr.com/65535/49055581133_3dc40a07a3_z.jpg,https://farm66.staticflickr.com/65535/49055581133_4afa653892_o.png
https://farm66.staticflickr.com/65535/49056092701_bdf0156b89_z.jpg,https://farm66.staticflickr.com/65535/49056092701_17bb0860d8_o.png
https://farm66.staticflickr.com/65535/49056092406_637da238bf_z.jpg,https://farm66.staticflickr.com/65535/49056092406_5788da40e9_o.png
https://farm66.staticflickr.com/65535/49056092231_9a5c83b9ce_z.jpg,https://farm66.staticflickr.com/65535/49056092231_54abd0399e_o.png
https://farm66.staticflickr.com/65535/49055579868_9c9a2aa3b1_z.jpg,https://farm66.staticflickr.com/65535/49055579868_ee3465fa30_o.png
https://farm66.staticflickr.com/65535/49056309342_f75eac474e_z.jpg,https://farm66.staticflickr.com/65535/49056309342_8ba7a67d05_o.png
https://farm66.staticflickr.com/65535/49055579368_6cd69fdd34_z.jpg,https://farm66.staticflickr.com/65535/49055579368_849ef49283_o.png
https://farm66.staticflickr.com/65535/49056309097_2388f52aa7_z.jpg,https://farm66.staticflickr.com/65535/49056309097_928d248e11_o.png
https://farm66.staticflickr.com/65535/49056308987_615fc3db90_z.jpg,https://farm66.staticflickr.com/65535/49056308987_e8b431f23b_o.png
https://farm66.staticflickr.com/65535/49055578858_639fe70ea1_z.jpg,https://farm66.staticflickr.com/65535/49055578858_53d0ae5de2_o.png
https://farm66.staticflickr.com/65535/49055578678_a4958baf10_z.jpg,https://farm66.staticflickr.com/65535/49055578678_87135fd418_o.png
https://farm66.staticflickr.com/65535/49055578693_eed019ea7d_z.jpg,https://farm66.staticflickr.com/65535/49055578693_0f17257349_o.png
https://farm66.staticflickr.com/65535/49056090446_ea67e1d56e_z.jpg,https://farm66.staticflickr.com/65535/49056090446_ab5aacbe63_o.png
https://farm66.staticflickr.com/65535/49056307917_70ba60ffcc_z.jpg,https://farm66.staticflickr.com/65535/49056307917_4108aedb73_o.png
https://farm66.staticflickr.com/65535/49056307807_c449baa5d3_z.jpg,https://farm66.staticflickr.com/65535/49056307807_7d416c66d0_o.png
https://farm66.staticflickr.com/65535/49056089856_b7a489cc19_z.jpg,https://farm66.staticflickr.com/65535/49056089856_56ebc1cdf5_o.png
https://farm66.staticflickr.com/65535/49056307067_d44119ecae_z.jpg,https://farm66.staticflickr.com/65535/49056307067_53b1539582_o.png
https://farm66.staticflickr.com/65535/49056306937_4c6168fb6e_z.jpg,https://farm66.staticflickr.com/65535/49056306937_bd950f8d76_o.png
https://farm66.staticflickr.com/65535/49056306972_837c799dce_z.jpg,https://farm66.staticflickr.com/65535/49056306972_b27fea7aac_o.png
https://farm66.staticflickr.com/65535/49055576738_33b7b62ac3_z.jpg,https://farm66.staticflickr.com/65535/49055576738_6144825ac4_o.png
https://farm66.staticflickr.com/65535/49056306267_31eb8986ba_z.jpg,https://farm66.staticflickr.com/65535/49056306267_9ee79eb674_o.png
https://farm66.staticflickr.com/65535/49056088596_e11a140ba5_z.jpg,https://farm66.staticflickr.com/65535/49056088596_fa259af0f2_o.png
https://farm66.staticflickr.com/65535/49056305982_e17f758337_z.jpg,https://farm66.staticflickr.com/65535/49056305982_045553726e_o.png
https://farm66.staticflickr.com/65535/49056305862_916cee601c_z.jpg,https://farm66.staticflickr.com/65535/49056305862_63e96c672d_o.png
https://farm66.staticflickr.com/65535/49056087961_f0ec688d9f_z.jpg,https://farm66.staticflickr.com/65535/49056087961_b9f401affb_o.png
https://farm66.staticflickr.com/65535/49055575528_b7f58d6cf1_z.jpg,https://farm66.staticflickr.com/65535/49055575528_6fbe42a811_o.png
https://farm66.staticflickr.com/65535/49055575468_878d02de38_z.jpg,https://farm66.staticflickr.com/65535/49055575468_fd6f382f96_o.png
https://farm66.staticflickr.com/65535/49056087471_9f210444ef_z.jpg,https://farm66.staticflickr.com/65535/49056087471_440f688c95_o.png
https://farm66.staticflickr.com/65535/49055574903_7e69fa583f_z.jpg,https://farm66.staticflickr.com/65535/49055574903_88c125d0c2_o.png
https://farm66.staticflickr.com/65535/49056304407_5e2ef583d0_z.jpg,https://farm66.staticflickr.com/65535/49056304407_afb2ccda99_o.png
https://farm66.staticflickr.com/65535/49056086771_84a54d5727_z.jpg,https://farm66.staticflickr.com/65535/49056086771_06dbeb6024_o.png
https://farm66.staticflickr.com/65535/49055574228_3ab83c9350_z.jpg,https://farm66.staticflickr.com/65535/49055574228_dddf405541_o.png
https://farm66.staticflickr.com/65535/49056303762_0c53d08cd6_z.jpg,https://farm66.staticflickr.com/65535/49056303762_29c40f83e2_o.png
https://farm66.staticflickr.com/65535/49056303822_99efeb9697_z.jpg,https://farm66.staticflickr.com/65535/49056303822_a218194fef_o.png
https://farm66.staticflickr.com/65535/49055573708_3cd9f21a22_z.jpg,https://farm66.staticflickr.com/65535/49055573708_1d0fe2fc64_o.png
https://farm66.staticflickr.com/65535/49043480507_ce02e689c5_z.jpg,https://farm66.staticflickr.com/65535/49043480507_2db4353280_o.png
https://farm66.staticflickr.com/65535/49043480412_35cb5a717b_z.jpg,https://farm66.staticflickr.com/65535/49043480412_6c16d53692_o.png
https://farm66.staticflickr.com/65535/49042764388_77a050542b_z.jpg,https://farm66.staticflickr.com/65535/49042764388_69e2abb676_o.png
https://farm66.staticflickr.com/65535/49043266011_44cb4ec1ab_z.jpg,https://farm66.staticflickr.com/65535/49043266011_434f02efda_o.png
https://farm66.staticflickr.com/65535/49043265796_5bbef673ae_z.jpg,https://farm66.staticflickr.com/65535/49043265796_1afed8efef_o.png
https://farm66.staticflickr.com/65535/49042763788_e52acb279c_z.jpg,https://farm66.staticflickr.com/65535/49042763788_db0cc5d198_o.png
https://farm66.staticflickr.com/65535/49043265376_f8d7d5f247_z.jpg,https://farm66.staticflickr.com/65535/49043265376_165b89ef2d_o.png
https://farm66.staticflickr.com/65535/49043265316_f3daa7c819_z.jpg,https://farm66.staticflickr.com/65535/49043265316_571397e1b8_o.png
https://farm66.staticflickr.com/65535/49043479052_fb02063a57_z.jpg,https://farm66.staticflickr.com/65535/49043479052_ffa343f671_o.png
https://farm66.staticflickr.com/65535/49043478867_56cf10c6eb_z.jpg,https://farm66.staticflickr.com/65535/49043478867_b48bfae334_o.png
https://farm66.staticflickr.com/65535/49043264216_dcc2857a4b_z.jpg,https://farm66.staticflickr.com/65535/49043264216_9f42e4e9e0_o.png
https://farm66.staticflickr.com/65535/49043478362_5fcb7105c6_z.jpg,https://farm66.staticflickr.com/65535/49043478362_2bd0f3c6fe_o.png
https://farm66.staticflickr.com/65535/49043264241_60293418be_z.jpg,https://farm66.staticflickr.com/65535/49043264241_c12af2fd85_o.png
https://farm66.staticflickr.com/65535/49043477802_63934c2e95_z.jpg,https://farm66.staticflickr.com/65535/49043477802_7c3d87d078_o.png
https://farm66.staticflickr.com/65535/49043263206_e99aa79bf8_z.jpg,https://farm66.staticflickr.com/65535/49043263206_150c997b1d_o.png
https://farm66.staticflickr.com/65535/49042761993_bf67152baf_z.jpg,https://farm66.staticflickr.com/65535/49042761993_e860002957_o.png
https://farm66.staticflickr.com/65535/49042761643_7a70f94b17_z.jpg,https://farm66.staticflickr.com/65535/49042761643_9c38ca825f_o.png
https://farm66.staticflickr.com/65535/49042761343_a39e4cdd2b_z.jpg,https://farm66.staticflickr.com/65535/49042761343_6b75b69c5c_o.png
https://farm66.staticflickr.com/65535/49043476852_10a416a532_z.jpg,https://farm66.staticflickr.com/65535/49043476852_22836a8115_o.png
https://farm66.staticflickr.com/65535/49043262421_0d10fa4bc8_z.jpg,https://farm66.staticflickr.com/65535/49043262421_64c99c7c90_o.png
https://farm66.staticflickr.com/65535/49043476637_bff8c65896_z.jpg,https://farm66.staticflickr.com/65535/49043476637_29560ff463_o.png
https://farm66.staticflickr.com/65535/49043476267_eacaa34521_z.jpg,https://farm66.staticflickr.com/65535/49043476267_b7bf63c41d_o.png
https://farm66.staticflickr.com/65535/49043476132_1f071839da_z.jpg,https://farm66.staticflickr.com/65535/49043476132_3740c64cc2_o.png
https://farm66.staticflickr.com/65535/49043476102_f8cd9af328_z.jpg,https://farm66.staticflickr.com/65535/49043476102_79ee4c2056_o.png
https://farm66.staticflickr.com/65535/49043261246_86d320386f_z.jpg,https://farm66.staticflickr.com/65535/49043261246_a5e71d98f0_o.png
https://farm66.staticflickr.com/65535/49043475417_47ebeeaf40_z.jpg,https://farm66.staticflickr.com/65535/49043475417_c789689aaa_o.png
https://farm66.staticflickr.com/65535/49042759958_5e5cf7b4c7_z.jpg,https://farm66.staticflickr.com/65535/49042759958_6f603a7d83_o.png
https://farm66.staticflickr.com/65535/49043260746_bb2805c002_z.jpg,https://farm66.staticflickr.com/65535/49043260746_64e5da0d0a_o.png
https://farm66.staticflickr.com/65535/49043474902_1710497baf_z.jpg,https://farm66.staticflickr.com/65535/49043474902_19f5cc4174_o.png
https://farm66.staticflickr.com/65535/49043474652_74abf9fe7a_z.jpg,https://farm66.staticflickr.com/65535/49043474652_500c6a2c88_o.png
https://farm66.staticflickr.com/65535/49043474547_8506967733_z.jpg,https://farm66.staticflickr.com/65535/49043474547_d63481d4f7_o.png
https://farm66.staticflickr.com/65535/49042758773_853722658a_z.jpg,https://farm66.staticflickr.com/65535/49042758773_222827c7d8_o.png
https://farm66.staticflickr.com/65535/49042758443_66f4179e4a_z.jpg,https://farm66.staticflickr.com/65535/49042758443_dfd6073a5a_o.png
https://farm66.staticflickr.com/65535/49043259181_ee68ed7a89_z.jpg,https://farm66.staticflickr.com/65535/49043259181_f87ea533ae_o.png
https://farm66.staticflickr.com/65535/49042758253_72fb4a3739_z.jpg,https://farm66.staticflickr.com/65535/49042758253_912d35b74f_o.png
https://farm66.staticflickr.com/65535/49043258936_daa52b5718_z.jpg,https://farm66.staticflickr.com/65535/49043258936_0eba7a1a3b_o.png
https://farm66.staticflickr.com/65535/49043473307_de0b5cac20_z.jpg,https://farm66.staticflickr.com/65535/49043473307_dcc92f9979_o.png
https://farm66.staticflickr.com/65535/49042757578_5ebb7af8fc_z.jpg,https://farm66.staticflickr.com/65535/49042757578_48f2b869d5_o.png
https://farm66.staticflickr.com/65535/49043258286_da10eedf58_z.jpg,https://farm66.staticflickr.com/65535/49043258286_b5d48d70f5_o.png
https://farm66.staticflickr.com/65535/49043258011_0e552d1c3b_z.jpg,https://farm66.staticflickr.com/65535/49043258011_155a577339_o.png
https://farm66.staticflickr.com/65535/49043472467_0013b9b2e0_z.jpg,https://farm66.staticflickr.com/65535/49043472467_52bc839a07_o.png
https://farm66.staticflickr.com/65535/49042756683_5fa6e14343_z.jpg,https://farm66.staticflickr.com/65535/49042756683_1ed258d219_o.png
https://farm66.staticflickr.com/65535/49043472222_5dc581503b_z.jpg,https://farm66.staticflickr.com/65535/49043472222_1a46d2d648_o.png
https://farm66.staticflickr.com/65535/49043257166_b4559bc2d8_z.jpg,https://farm66.staticflickr.com/65535/49043257166_db7978203d_o.png
https://farm66.staticflickr.com/65535/49042756298_8e8c27fb5f_z.jpg,https://farm66.staticflickr.com/65535/49042756298_9ac0d40e83_o.png
https://farm66.staticflickr.com/65535/49043471577_131a1fc942_z.jpg,https://farm66.staticflickr.com/65535/49043471577_21bb7383c3_o.png
https://farm66.staticflickr.com/65535/49042755738_3d0e556f21_z.jpg,https://farm66.staticflickr.com/65535/49042755738_0bed21f8e1_o.png
https://farm66.staticflickr.com/65535/49043256446_f019369d43_z.jpg,https://farm66.staticflickr.com/65535/49043256446_a23b014e88_o.png
https://farm66.staticflickr.com/65535/49043470877_5de36c01a5_z.jpg,https://farm66.staticflickr.com/65535/49043470877_a93a5f37c7_o.png
https://farm66.staticflickr.com/65535/49043255716_bc43a7b962_z.jpg,https://farm66.staticflickr.com/65535/49043255716_93088d19c6_o.png
https://farm66.staticflickr.com/65535/49042754923_bbda7b8199_z.jpg,https://farm66.staticflickr.com/65535/49042754923_5254943378_o.png
https://farm66.staticflickr.com/65535/49042754713_79f083db34_z.jpg,https://farm66.staticflickr.com/65535/49042754713_a17776f378_o.png
https://farm66.staticflickr.com/65535/49042296913_9f4e4d157a_z.jpg,https://farm66.staticflickr.com/65535/49042296913_bb13ee0b34_o.png
https://farm66.staticflickr.com/65535/49042296823_8b87a648ea_z.jpg,https://farm66.staticflickr.com/65535/49042296823_f5dea885df_o.png
https://farm66.staticflickr.com/65535/49043012007_828fcf13e5_z.jpg,https://farm66.staticflickr.com/65535/49043012007_db249f16b1_o.png
https://farm66.staticflickr.com/65535/49043011922_96b3954474_z.jpg,https://farm66.staticflickr.com/65535/49043011922_28a2cc3899_o.png
https://farm66.staticflickr.com/65535/49042796661_404c3f7120_z.jpg,https://farm66.staticflickr.com/65535/49042796661_5f4dbe26d9_o.png
https://farm66.staticflickr.com/65535/49042296073_3dd197ac0a_z.jpg,https://farm66.staticflickr.com/65535/49042296073_003edef7b1_o.png
https://farm66.staticflickr.com/65535/49042295983_5de2293e29_z.jpg,https://farm66.staticflickr.com/65535/49042295983_1fe1aaa7bd_o.png
https://farm66.staticflickr.com/65535/49043011222_cd6856f530_z.jpg,https://farm66.staticflickr.com/65535/49043011222_97ccf34653_o.png
https://farm66.staticflickr.com/65535/49043010882_cc5888762d_z.jpg,https://farm66.staticflickr.com/65535/49043010882_ea52f37cfb_o.png
https://farm66.staticflickr.com/65535/49043010582_ba2711705d_z.jpg,https://farm66.staticflickr.com/65535/49043010582_a8268de29a_o.png
https://farm66.staticflickr.com/65535/49043010442_e49bb4974c_z.jpg,https://farm66.staticflickr.com/65535/49043010442_63fc05cb41_o.png
https://farm66.staticflickr.com/65535/49042295103_b7d5330cb1_z.jpg,https://farm66.staticflickr.com/65535/49042295103_1373d67867_o.png
https://farm66.staticflickr.com/65535/49043010107_edf9c5b789_z.jpg,https://farm66.staticflickr.com/65535/49043010107_199f0b4e54_o.png
https://farm66.staticflickr.com/65535/49043009942_5fe1c93bd7_z.jpg,https://farm66.staticflickr.com/65535/49043009942_5d1b292479_o.png
https://farm66.staticflickr.com/65535/49043009872_e0684e7d72_z.jpg,https://farm66.staticflickr.com/65535/49043009872_6d136875da_o.png
https://farm66.staticflickr.com/65535/49042794571_a1b9b83c87_z.jpg,https://farm66.staticflickr.com/65535/49042794571_1beb15bc7e_o.png
https://farm66.staticflickr.com/65535/49043009382_b809cf2f3d_z.jpg,https://farm66.staticflickr.com/65535/49043009382_f8ac736a36_o.png
https://farm66.staticflickr.com/65535/49042294058_31cb7d95af_z.jpg,https://farm66.staticflickr.com/65535/49042294058_67be1a750c_o.png
https://farm66.staticflickr.com/65535/49042794101_296f2ae6a5_z.jpg,https://farm66.staticflickr.com/65535/49042794101_2fb5656669_o.png
https://farm66.staticflickr.com/65535/49042793846_2ce42054ba_z.jpg,https://farm66.staticflickr.com/65535/49042793846_4947d5bc26_o.png
https://farm66.staticflickr.com/65535/49043008592_61956d3d51_z.jpg,https://farm66.staticflickr.com/65535/49043008592_08c715d618_o.png
https://farm66.staticflickr.com/65535/49042293393_20a28cd7cb_z.jpg,https://farm66.staticflickr.com/65535/49042293393_f2ac1e70ec_o.png
https://farm66.staticflickr.com/65535/49042293143_a441f836e7_z.jpg,https://farm66.staticflickr.com/65535/49042293143_95b684b1f8_o.png
https://farm66.staticflickr.com/65535/49042292813_9ac6913e8b_z.jpg,https://farm66.staticflickr.com/65535/49042292813_40709c19e4_o.png
https://farm66.staticflickr.com/65535/49042292738_3a1d11c964_z.jpg,https://farm66.staticflickr.com/65535/49042292738_6b47d27104_o.png
https://farm66.staticflickr.com/65535/49043007677_33b85bfbc2_z.jpg,https://farm66.staticflickr.com/65535/49043007677_31307a35d2_o.png
https://farm66.staticflickr.com/65535/49042792651_3f124edbe0_z.jpg,https://farm66.staticflickr.com/65535/49042792651_c9494c4abd_o.png
https://farm66.staticflickr.com/65535/49043007547_9fb221b12b_z.jpg,https://farm66.staticflickr.com/65535/49043007547_ce2ff60465_o.png
https://farm66.staticflickr.com/65535/49043007247_387a0f8271_z.jpg,https://farm66.staticflickr.com/65535/49043007247_96bfaa7c52_o.png
https://farm66.staticflickr.com/65535/49042792026_39cc2ca7dc_z.jpg,https://farm66.staticflickr.com/65535/49042792026_b27980cfd2_o.png
https://farm66.staticflickr.com/65535/49042291858_ed6b47c428_z.jpg,https://farm66.staticflickr.com/65535/49042291858_b22e6f7e0f_o.png
https://farm66.staticflickr.com/65535/49043006982_1abdb0bf10_z.jpg,https://farm66.staticflickr.com/65535/49043006982_8bccb7702e_o.png
https://farm66.staticflickr.com/65535/49043006907_50523579f0_z.jpg,https://farm66.staticflickr.com/65535/49043006907_9d396bc26d_o.png
https://farm66.staticflickr.com/65535/49042291478_de4e490fb8_z.jpg,https://farm66.staticflickr.com/65535/49042291478_858d56467b_o.png
https://farm66.staticflickr.com/65535/49042791366_687881e76e_z.jpg,https://farm66.staticflickr.com/65535/49042791366_b40c5663d5_o.png
https://farm66.staticflickr.com/65535/49042291368_85662a2c01_z.jpg,https://farm66.staticflickr.com/65535/49042291368_86ea4ece32_o.png
https://farm66.staticflickr.com/65535/49042291198_6a4b5919e9_z.jpg,https://farm66.staticflickr.com/65535/49042291198_ec6762e871_o.png
https://farm66.staticflickr.com/65535/49042790896_913ba6d875_z.jpg,https://farm66.staticflickr.com/65535/49042790896_88e7f7a0dc_o.png
https://farm66.staticflickr.com/65535/49042290778_fd5888bd3a_z.jpg,https://farm66.staticflickr.com/65535/49042290778_a7a4668c9c_o.png
https://farm66.staticflickr.com/65535/49042790906_28e3fe7623_z.jpg,https://farm66.staticflickr.com/65535/49042790906_01be24cd83_o.png
https://farm66.staticflickr.com/65535/49042790556_c724d8a92f_z.jpg,https://farm66.staticflickr.com/65535/49042790556_e19b4d813a_o.png
https://farm66.staticflickr.com/65535/49042790436_41e7979648_z.jpg,https://farm66.staticflickr.com/65535/49042790436_602ce7bc12_o.png
https://farm66.staticflickr.com/65535/49042790366_aa16e2e8f2_z.jpg,https://farm66.staticflickr.com/65535/49042790366_7051192d06_o.png
https://farm66.staticflickr.com/65535/49042289873_750a501b6f_z.jpg,https://farm66.staticflickr.com/65535/49042289873_2277a271c4_o.png
https://farm66.staticflickr.com/65535/49042289828_9de1bbfa8b_z.jpg,https://farm66.staticflickr.com/65535/49042289828_3a8b01d952_o.png
https://farm66.staticflickr.com/65535/49042789796_327dd0a377_z.jpg,https://farm66.staticflickr.com/65535/49042789796_7f679d5e85_o.png
https://farm66.staticflickr.com/65535/49042789446_e054d2b9b9_z.jpg,https://farm66.staticflickr.com/65535/49042789446_7327514331_o.png
https://farm66.staticflickr.com/65535/49042289383_f67ebf70b4_z.jpg,https://farm66.staticflickr.com/65535/49042289383_c84593d98b_o.png
https://farm66.staticflickr.com/65535/49042289018_86b9dca716_z.jpg,https://farm66.staticflickr.com/65535/49042289018_41f3ff51bd_o.png
https://farm66.staticflickr.com/65535/49042789041_6eef5b95f1_z.jpg,https://farm66.staticflickr.com/65535/49042789041_b325b26418_o.png
https://farm66.staticflickr.com/65535/49043004212_c98ac8d089_z.jpg,https://farm66.staticflickr.com/65535/49043004212_e7eecf4bb7_o.png
https://farm66.staticflickr.com/65535/49043003642_289e583fe3_z.jpg,https://farm66.staticflickr.com/65535/49043003642_941cd455f3_o.png
https://farm66.staticflickr.com/65535/49042788151_d79ee9441b_z.jpg,https://farm66.staticflickr.com/65535/49042788151_7fa2abe908_o.png
https://farm66.staticflickr.com/65535/49043003592_c23f71e6dd_z.jpg,https://farm66.staticflickr.com/65535/49043003592_a7d6f3b76b_o.png
https://farm66.staticflickr.com/65535/49043003127_90c1508c8a_z.jpg,https://farm66.staticflickr.com/65535/49043003127_4ea44b8480_o.png
https://farm66.staticflickr.com/65535/49043002847_5c1e3965ea_z.jpg,https://farm66.staticflickr.com/65535/49043002847_a27d5b48cd_o.png
https://farm66.staticflickr.com/65535/49042287308_12e3629336_z.jpg,https://farm66.staticflickr.com/65535/49042287308_f35434cb8f_o.png
https://farm66.staticflickr.com/65535/49043002432_620bd8a1b3_z.jpg,https://farm66.staticflickr.com/65535/49043002432_539fab871f_o.png
https://farm66.staticflickr.com/65535/49043001647_c2e221835c_z.jpg,https://farm66.staticflickr.com/65535/49043001647_10ecda429a_o.png
https://farm66.staticflickr.com/65535/49042285888_8310bffe0e_z.jpg,https://farm66.staticflickr.com/65535/49042285888_1fa2aa3077_o.png
https://farm66.staticflickr.com/65535/49042285823_ecd8a07512_z.jpg,https://farm66.staticflickr.com/65535/49042285823_a019f4a176_o.png
https://farm66.staticflickr.com/65535/49042285748_d7eaa37205_z.jpg,https://farm66.staticflickr.com/65535/49042285748_a606937bda_o.png
https://farm66.staticflickr.com/65535/49042285243_035f00a389_z.jpg,https://farm66.staticflickr.com/65535/49042285243_ea161080d4_o.png
https://farm66.staticflickr.com/65535/49042284778_9b27a185c1_z.jpg,https://farm66.staticflickr.com/65535/49042284778_09cf5f5f5a_o.png
https://farm66.staticflickr.com/65535/49042784911_7fb9de716d_z.jpg,https://farm66.staticflickr.com/65535/49042784911_6170082a16_o.png
https://farm66.staticflickr.com/65535/49042284443_40b4491623_z.jpg,https://farm66.staticflickr.com/65535/49042284443_92899912f5_o.png
https://farm66.staticflickr.com/65535/49042284123_beff96435c_z.jpg,https://farm66.staticflickr.com/65535/49042284123_55477836d8_o.png
https://farm66.staticflickr.com/65535/49042784081_34e44e7159_z.jpg,https://farm66.staticflickr.com/65535/49042784081_45dda05cf3_o.png
https://farm66.staticflickr.com/65535/49042283403_43b95098fa_z.jpg,https://farm66.staticflickr.com/65535/49042283403_07058e0af9_o.png
https://farm66.staticflickr.com/65535/49042282543_e252e20013_z.jpg,https://farm66.staticflickr.com/65535/49042282543_51e40de3f2_o.png
https://farm66.staticflickr.com/65535/49042782881_c81e6ce648_z.jpg,https://farm66.staticflickr.com/65535/49042782881_0a74b6568e_o.png
https://farm66.staticflickr.com/65535/49042282238_96c16821b3_z.jpg,https://farm66.staticflickr.com/65535/49042282238_b9f1fc8989_o.png
https://farm66.staticflickr.com/65535/49042782476_8554fb8360_z.jpg,https://farm66.staticflickr.com/65535/49042782476_2cc37caef1_o.png
https://farm66.staticflickr.com/65535/49042997157_81380409d1_z.jpg,https://farm66.staticflickr.com/65535/49042997157_5fcb71d584_o.png
https://farm66.staticflickr.com/65535/49042782046_2be645036c_z.jpg,https://farm66.staticflickr.com/65535/49042782046_809ca5b49d_o.png
https://farm66.staticflickr.com/65535/49042997072_10414db36c_z.jpg,https://farm66.staticflickr.com/65535/49042997072_c134b48aae_o.png
https://farm66.staticflickr.com/65535/49042781431_2b87ee10aa_z.jpg,https://farm66.staticflickr.com/65535/49042781431_cb2b07a636_o.png
https://farm66.staticflickr.com/65535/49042996272_16a98c848c_z.jpg,https://farm66.staticflickr.com/65535/49042996272_c8044398bd_o.png
https://farm66.staticflickr.com/65535/49042280143_5844a414cf_z.jpg,https://farm66.staticflickr.com/65535/49042280143_1ed3dc859c_o.png
https://farm66.staticflickr.com/65535/49042780041_acb4da7d26_z.jpg,https://farm66.staticflickr.com/65535/49042780041_b0c552ddb9_o.png
https://farm66.staticflickr.com/65535/49042279458_c9be17a392_z.jpg,https://farm66.staticflickr.com/65535/49042279458_f2108d7961_o.png
https://farm66.staticflickr.com/65535/49042994792_15cdd8caae_z.jpg,https://farm66.staticflickr.com/65535/49042994792_d6ed19a208_o.png
https://farm66.staticflickr.com/65535/49042779191_ae99b92f94_z.jpg,https://farm66.staticflickr.com/65535/49042779191_b63593c169_o.png
https://farm66.staticflickr.com/65535/49042278433_c86d1170f0_z.jpg,https://farm66.staticflickr.com/65535/49042278433_e7e1f49ed4_o.png
https://farm66.staticflickr.com/65535/49042778421_2921f5fefe_z.jpg,https://farm66.staticflickr.com/65535/49042778421_95a44d0f32_o.png
https://farm66.staticflickr.com/65535/49042993107_64e6420564_z.jpg,https://farm66.staticflickr.com/65535/49042993107_31011cda8f_o.png
https://farm66.staticflickr.com/65535/49042277278_aabf6f3397_z.jpg,https://farm66.staticflickr.com/65535/49042277278_1c9e475ed3_o.png
https://farm66.staticflickr.com/65535/49042992652_654af85d5b_z.jpg,https://farm66.staticflickr.com/65535/49042992652_a97f08e0fb_o.png
https://farm66.staticflickr.com/65535/49042991957_9f126bcb87_z.jpg,https://farm66.staticflickr.com/65535/49042991957_4c884f303a_o.png
https://farm66.staticflickr.com/65535/49042776596_529a8d22d8_z.jpg,https://farm66.staticflickr.com/65535/49042776596_264da1bc31_o.png
https://farm66.staticflickr.com/65535/49042991652_4da573823e_z.jpg,https://farm66.staticflickr.com/65535/49042991652_46452e982c_o.png
https://farm66.staticflickr.com/65535/49042275588_822221bd63_z.jpg,https://farm66.staticflickr.com/65535/49042275588_14d588c716_o.png
https://farm66.staticflickr.com/65535/49042275303_a7496d545e_z.jpg,https://farm66.staticflickr.com/65535/49042275303_1b9d1a7cc2_o.png
https://farm66.staticflickr.com/65535/49042990857_c590f8657c_z.jpg,https://farm66.staticflickr.com/65535/49042990857_087fa8f648_o.png
https://farm66.staticflickr.com/65535/49042990802_1205f0fc5d_z.jpg,https://farm66.staticflickr.com/65535/49042990802_178d0dd38b_o.png
https://farm66.staticflickr.com/65535/49042990337_564989b985_z.jpg,https://farm66.staticflickr.com/65535/49042990337_4120642e20_o.png
https://farm66.staticflickr.com/65535/49042990227_387b267a66_z.jpg,https://farm66.staticflickr.com/65535/49042990227_757890dd05_o.png
https://farm66.staticflickr.com/65535/49042775136_9aaaa675a1_z.jpg,https://farm66.staticflickr.com/65535/49042775136_5099bf42e2_o.png
https://farm66.staticflickr.com/65535/49042989457_eb483a02d3_z.jpg,https://farm66.staticflickr.com/65535/49042989457_f5180e0e3a_o.png
https://farm66.staticflickr.com/65535/49042989322_479dd82615_z.jpg,https://farm66.staticflickr.com/65535/49042989322_8591fee1fd_o.png
https://farm66.staticflickr.com/65535/49042273753_10340f7b1c_z.jpg,https://farm66.staticflickr.com/65535/49042273753_1eacec3a72_o.png
https://farm66.staticflickr.com/65535/49042273558_ece6734a4a_z.jpg,https://farm66.staticflickr.com/65535/49042273558_c9d7b03cb3_o.png
https://farm66.staticflickr.com/65535/49042773781_d77f260a2a_z.jpg,https://farm66.staticflickr.com/65535/49042773781_6cf7dc5914_o.png
https://farm66.staticflickr.com/65535/49042773346_81be6f75d5_z.jpg,https://farm66.staticflickr.com/65535/49042773346_72a2a61f9e_o.png
https://farm66.staticflickr.com/65535/49042773086_be28f7f731_z.jpg,https://farm66.staticflickr.com/65535/49042773086_d2f4d16575_o.png
https://farm66.staticflickr.com/65535/49042988067_1f5e45fdbb_z.jpg,https://farm66.staticflickr.com/65535/49042988067_0ff7afff53_o.png
https://farm66.staticflickr.com/65535/49042772721_0f707a19d9_z.jpg,https://farm66.staticflickr.com/65535/49042772721_fbd7060e0f_o.png
https://farm66.staticflickr.com/65535/49042718151_4aaf90776e_z.jpg,https://farm66.staticflickr.com/65535/49042718151_d2c6952753_o.png
https://farm66.staticflickr.com/65535/49042218598_c4df393975_z.jpg,https://farm66.staticflickr.com/65535/49042218598_a3113a5d59_o.png
https://farm66.staticflickr.com/65535/49042218613_128fba5b4c_z.jpg,https://farm66.staticflickr.com/65535/49042218613_12bd1bb105_o.png
https://farm66.staticflickr.com/65535/49042933097_c1194fbec0_z.jpg,https://farm66.staticflickr.com/65535/49042933097_44fb5896a0_o.png
https://farm66.staticflickr.com/65535/49042717301_d0ee00d7a1_z.jpg,https://farm66.staticflickr.com/65535/49042717301_78cdcd3fbb_o.png
https://farm66.staticflickr.com/65535/49042217948_25d351ae1d_z.jpg,https://farm66.staticflickr.com/65535/49042217948_0b5dc3f7b9_o.png
https://farm66.staticflickr.com/65535/49042717286_49fbb1c539_z.jpg,https://farm66.staticflickr.com/65535/49042717286_ee40d463e4_o.png
https://farm66.staticflickr.com/65535/49042931987_f1cfac7472_z.jpg,https://farm66.staticflickr.com/65535/49042931987_7484c1fff2_o.png
https://farm66.staticflickr.com/65535/49042931947_90b82cdd1f_z.jpg,https://farm66.staticflickr.com/65535/49042931947_8504234fdb_o.png
https://farm66.staticflickr.com/65535/49042217453_b9fe46450b_z.jpg,https://farm66.staticflickr.com/65535/49042217453_0d852eb87c_o.png
https://farm66.staticflickr.com/65535/49042716176_6d4ae08eb9_z.jpg,https://farm66.staticflickr.com/65535/49042716176_72ae353280_o.png
https://farm66.staticflickr.com/65535/49042716061_43bde16803_z.jpg,https://farm66.staticflickr.com/65535/49042716061_7b9af5326e_o.png
https://farm66.staticflickr.com/65535/49042715921_2b6c006c7d_z.jpg,https://farm66.staticflickr.com/65535/49042715921_0ea362c1ee_o.png
https://farm66.staticflickr.com/65535/49042715826_dbd2d702ea_z.jpg,https://farm66.staticflickr.com/65535/49042715826_3b947a475e_o.png
https://farm66.staticflickr.com/65535/49042715656_ac3fae5235_z.jpg,https://farm66.staticflickr.com/65535/49042715656_2fb6eec26d_o.png
https://farm66.staticflickr.com/65535/49042216163_f8d69b292d_z.jpg,https://farm66.staticflickr.com/65535/49042216163_bda30e8063_o.png
https://farm66.staticflickr.com/65535/49042215978_c2301af314_z.jpg,https://farm66.staticflickr.com/65535/49042215978_5d818d2f61_o.png
https://farm66.staticflickr.com/65535/49042930452_70eb1e236b_z.jpg,https://farm66.staticflickr.com/65535/49042930452_29a196e2d1_o.png
https://farm66.staticflickr.com/65535/49042930387_284caa1e3e_z.jpg,https://farm66.staticflickr.com/65535/49042930387_ebda01aaf1_o.png
https://farm66.staticflickr.com/65535/49042930297_1d0ba4d93b_z.jpg,https://farm66.staticflickr.com/65535/49042930297_c3a6c4b793_o.png
https://farm66.staticflickr.com/65535/49042215348_a2e204db31_z.jpg,https://farm66.staticflickr.com/65535/49042215348_fb47a95f74_o.png
https://farm66.staticflickr.com/65535/49042714631_9a9f1fc434_z.jpg,https://farm66.staticflickr.com/65535/49042714631_f8123b11ce_o.png
https://farm66.staticflickr.com/65535/49042929872_8dfc29995a_z.jpg,https://farm66.staticflickr.com/65535/49042929872_8403a200c0_o.png
https://farm66.staticflickr.com/65535/49042214948_39e051faee_z.jpg,https://farm66.staticflickr.com/65535/49042214948_8ac3f63084_o.png
https://farm66.staticflickr.com/65535/49042214778_d0364be8b8_z.jpg,https://farm66.staticflickr.com/65535/49042214778_9e80845aaf_o.png
https://farm66.staticflickr.com/65535/49042714061_3abbd20f80_z.jpg,https://farm66.staticflickr.com/65535/49042714061_7d4dff4ff2_o.png
https://farm66.staticflickr.com/65535/49042713821_41d9df908c_z.jpg,https://farm66.staticflickr.com/65535/49042713821_2089885968_o.png
https://farm66.staticflickr.com/65535/49042713541_2df6f3d28b_z.jpg,https://farm66.staticflickr.com/65535/49042713541_8899bdd810_o.png
https://farm66.staticflickr.com/65535/49042213908_8ff229214b_z.jpg,https://farm66.staticflickr.com/65535/49042213908_2595896ea1_o.png
https://farm66.staticflickr.com/65535/49042713291_0883ac56af_z.jpg,https://farm66.staticflickr.com/65535/49042713291_340a7deffe_o.png
https://farm66.staticflickr.com/65535/49042213593_16091d209d_z.jpg,https://farm66.staticflickr.com/65535/49042213593_5e57740245_o.png
https://farm66.staticflickr.com/65535/49042928287_d6a2756ea0_z.jpg,https://farm66.staticflickr.com/65535/49042928287_1a7e802c96_o.png
https://farm66.staticflickr.com/65535/49042927997_f046df9245_z.jpg,https://farm66.staticflickr.com/65535/49042927997_4ccae1dbf7_o.png
https://farm66.staticflickr.com/65535/49042712631_c892e1f363_z.jpg,https://farm66.staticflickr.com/65535/49042712631_40e3444911_o.png
https://farm66.staticflickr.com/65535/49042927667_e7b203b4d5_z.jpg,https://farm66.staticflickr.com/65535/49042927667_1665cb75ea_o.png
https://farm66.staticflickr.com/65535/49042927542_a2f59f1d1f_z.jpg,https://farm66.staticflickr.com/65535/49042927542_a6458194af_o.png
https://farm66.staticflickr.com/65535/49042712086_37e36fcb63_z.jpg,https://farm66.staticflickr.com/65535/49042712086_5ebc1eb633_o.png
https://farm66.staticflickr.com/65535/49042212483_fd5ef49ba3_z.jpg,https://farm66.staticflickr.com/65535/49042212483_56c2408e41_o.png
https://farm66.staticflickr.com/65535/49042927202_2dca0546c8_z.jpg,https://farm66.staticflickr.com/65535/49042927202_13927f134a_o.png
https://farm66.staticflickr.com/65535/49042711571_9796773c17_z.jpg,https://farm66.staticflickr.com/65535/49042711571_77a7c05d47_o.png
https://farm66.staticflickr.com/65535/49042212073_a2951cdb0f_z.jpg,https://farm66.staticflickr.com/65535/49042212073_04d62b2b7b_o.png
https://farm66.staticflickr.com/65535/49042926717_5cb26dab59_z.jpg,https://farm66.staticflickr.com/65535/49042926717_71c00c4207_o.png
https://farm66.staticflickr.com/65535/49042926597_04470629fa_z.jpg,https://farm66.staticflickr.com/65535/49042926597_3975f6505e_o.png
https://farm66.staticflickr.com/65535/49042211483_e28f870006_z.jpg,https://farm66.staticflickr.com/65535/49042211483_8fcc354ae7_o.png
https://farm66.staticflickr.com/65535/49042710856_11af8430b8_z.jpg,https://farm66.staticflickr.com/65535/49042710856_3291315be5_o.png
https://farm66.staticflickr.com/65535/49042211333_c541c71c7f_z.jpg,https://farm66.staticflickr.com/65535/49042211333_6808720e85_o.png
https://farm66.staticflickr.com/65535/49042710446_44b94888cc_z.jpg,https://farm66.staticflickr.com/65535/49042710446_ce0e3327b4_o.png
https://farm66.staticflickr.com/65535/49042210848_3d2de4049e_z.jpg,https://farm66.staticflickr.com/65535/49042210848_d0888a6739_o.png
https://farm66.staticflickr.com/65535/49042709941_63915d8bdc_z.jpg,https://farm66.staticflickr.com/65535/49042709941_f3724ae0bb_o.png
https://farm66.staticflickr.com/65535/49042709936_5369bc6379_z.jpg,https://farm66.staticflickr.com/65535/49042709936_3cc51f42b9_o.png
https://farm66.staticflickr.com/65535/49042210403_7445a2e878_z.jpg,https://farm66.staticflickr.com/65535/49042210403_7f6985f860_o.png
https://farm66.staticflickr.com/65535/49042709331_b528a05279_z.jpg,https://farm66.staticflickr.com/65535/49042709331_9c876ce124_o.png
https://farm66.staticflickr.com/65535/49042209893_0cfdf996ca_z.jpg,https://farm66.staticflickr.com/65535/49042209893_a4d428464f_o.png
https://farm66.staticflickr.com/65535/49042209828_6b0ee478c1_z.jpg,https://farm66.staticflickr.com/65535/49042209828_092163a66c_o.png
https://farm66.staticflickr.com/65535/49042708906_3c660b3d5c_z.jpg,https://farm66.staticflickr.com/65535/49042708906_a7b6012ab4_o.png
https://farm66.staticflickr.com/65535/49042209423_66302a6f51_z.jpg,https://farm66.staticflickr.com/65535/49042209423_f2216df6ff_o.png
https://farm66.staticflickr.com/65535/49042209263_e632b2966e_z.jpg,https://farm66.staticflickr.com/65535/49042209263_e334454dfc_o.png
https://farm66.staticflickr.com/65535/49042209243_8b8792ca87_z.jpg,https://farm66.staticflickr.com/65535/49042209243_3ca0462f1a_o.png
https://farm66.staticflickr.com/65535/49042209088_2c01e8e63b_z.jpg,https://farm66.staticflickr.com/65535/49042209088_e8f89a9b00_o.png
https://farm66.staticflickr.com/65535/49042708111_1213da7f59_z.jpg,https://farm66.staticflickr.com/65535/49042708111_7aa286982a_o.png
https://farm66.staticflickr.com/65535/49042923462_ebc77a725f_z.jpg,https://farm66.staticflickr.com/65535/49042923462_357fd590c2_o.png
https://farm66.staticflickr.com/65535/49042208423_8cc15f27d2_z.jpg,https://farm66.staticflickr.com/65535/49042208423_f3023e851d_o.png
https://farm66.staticflickr.com/65535/49042923077_3daf49b616_z.jpg,https://farm66.staticflickr.com/65535/49042923077_bd8fca8f4c_o.png
https://farm66.staticflickr.com/65535/49042922942_99f58ede7e_z.jpg,https://farm66.staticflickr.com/65535/49042922942_fc0edc2528_o.png
https://farm66.staticflickr.com/65535/49042207923_5ce20d22cc_z.jpg,https://farm66.staticflickr.com/65535/49042207923_0230a9d44d_o.png
https://farm66.staticflickr.com/65535/49042706871_c28dacde12_z.jpg,https://farm66.staticflickr.com/65535/49042706871_35fd2eb914_o.png
https://farm66.staticflickr.com/65535/49042922352_0ced1c3cce_z.jpg,https://farm66.staticflickr.com/65535/49042922352_16bc27c635_o.png
https://farm66.staticflickr.com/65535/49042207463_0ee0a0058c_z.jpg,https://farm66.staticflickr.com/65535/49042207463_34e2781ff6_o.png
https://farm66.staticflickr.com/65535/49042207338_a9ba58d9ab_z.jpg,https://farm66.staticflickr.com/65535/49042207338_28982193c1_o.png
https://farm66.staticflickr.com/65535/49042706296_b83699db86_z.jpg,https://farm66.staticflickr.com/65535/49042706296_5a02d68375_o.png
https://farm66.staticflickr.com/65535/49042921832_79a8e9f7ce_z.jpg,https://farm66.staticflickr.com/65535/49042921832_574b26bf70_o.png
https://farm66.staticflickr.com/65535/49042705991_e467518e16_z.jpg,https://farm66.staticflickr.com/65535/49042705991_e5627be20c_o.png
https://farm66.staticflickr.com/65535/49042206893_a22357516d_z.jpg,https://farm66.staticflickr.com/65535/49042206893_f6f8bafc74_o.png
https://farm66.staticflickr.com/65535/49042206708_89fb2fcb26_z.jpg,https://farm66.staticflickr.com/65535/49042206708_7659673d5d_o.png
https://farm66.staticflickr.com/65535/49042921327_d5a9404f0e_z.jpg,https://farm66.staticflickr.com/65535/49042921327_ae7a4473cb_o.png
https://farm66.staticflickr.com/65535/49042921207_80baa83b3a_z.jpg,https://farm66.staticflickr.com/65535/49042921207_fee8c6322e_o.png
https://farm66.staticflickr.com/65535/49042705361_527f15b7e2_z.jpg,https://farm66.staticflickr.com/65535/49042705361_41cd106f9f_o.png
https://farm66.staticflickr.com/65535/49042920967_c047bf6d15_z.jpg,https://farm66.staticflickr.com/65535/49042920967_6656aaa95a_o.png
https://farm66.staticflickr.com/65535/49042920822_3e6fff3cf7_z.jpg,https://farm66.staticflickr.com/65535/49042920822_6752ab88d6_o.png
https://farm66.staticflickr.com/65535/49042205683_9a3831cd00_z.jpg,https://farm66.staticflickr.com/65535/49042205683_3c4765033f_o.png
https://farm66.staticflickr.com/65535/49042704816_138bed2989_z.jpg,https://farm66.staticflickr.com/65535/49042704816_6a10d9941a_o.png
https://farm66.staticflickr.com/65535/49042920432_d2b9bebef2_z.jpg,https://farm66.staticflickr.com/65535/49042920432_bbd7f5c96c_o.png
https://farm66.staticflickr.com/65535/49042704536_ce886b6e06_z.jpg,https://farm66.staticflickr.com/65535/49042704536_f967531945_o.png
https://farm66.staticflickr.com/65535/49042205168_625ceeff8c_z.jpg,https://farm66.staticflickr.com/65535/49042205168_b826ca08ab_o.png
https://farm66.staticflickr.com/65535/49042920037_1fabd160e7_z.jpg,https://farm66.staticflickr.com/65535/49042920037_a70c18c5df_o.png
https://farm66.staticflickr.com/65535/49042205043_647f19aecb_z.jpg,https://farm66.staticflickr.com/65535/49042205043_9074b0fb35_o.png
https://farm66.staticflickr.com/65535/49042204898_ab2a2722b8_z.jpg,https://farm66.staticflickr.com/65535/49042204898_29f2a9da89_o.png
https://farm66.staticflickr.com/65535/49042204663_8ef4941bbd_z.jpg,https://farm66.staticflickr.com/65535/49042204663_53f85c7853_o.png
https://farm66.staticflickr.com/65535/49042919512_5a02b5fe43_z.jpg,https://farm66.staticflickr.com/65535/49042919512_21ea3b01dd_o.png
https://farm66.staticflickr.com/65535/49042919542_38faa178b2_z.jpg,https://farm66.staticflickr.com/65535/49042919542_f9ee9fb5f4_o.png
https://farm66.staticflickr.com/65535/49042919192_f099e9677a_z.jpg,https://farm66.staticflickr.com/65535/49042919192_a31f7e4dc5_o.png
https://farm66.staticflickr.com/65535/49042204173_816e4cc2df_z.jpg,https://farm66.staticflickr.com/65535/49042204173_2872d6d5cf_o.png
https://farm66.staticflickr.com/65535/49042703421_0ef4e67457_z.jpg,https://farm66.staticflickr.com/65535/49042703421_1131c563e0_o.png
https://farm66.staticflickr.com/65535/49042918902_24780616a5_z.jpg,https://farm66.staticflickr.com/65535/49042918902_8ea236e4ae_o.png
https://farm66.staticflickr.com/65535/49042918762_4ca33edd42_z.jpg,https://farm66.staticflickr.com/65535/49042918762_bb10e31436_o.png
https://farm66.staticflickr.com/65535/49042918612_bebca947b0_z.jpg,https://farm66.staticflickr.com/65535/49042918612_aef0b2274f_o.png
https://farm66.staticflickr.com/65535/49042203643_e70ccd9302_z.jpg,https://farm66.staticflickr.com/65535/49042203643_a9f8e70037_o.png
https://farm66.staticflickr.com/65535/49042918482_61a4155415_z.jpg,https://farm66.staticflickr.com/65535/49042918482_f198b061f8_o.png
https://farm66.staticflickr.com/65535/49042918247_1769cc27a4_z.jpg,https://farm66.staticflickr.com/65535/49042918247_cd7952c19a_o.png
https://farm66.staticflickr.com/65535/49042918072_456ac3dea1_z.jpg,https://farm66.staticflickr.com/65535/49042918072_99f53d7cb2_o.png
https://farm66.staticflickr.com/65535/49042203118_e0d052ce62_z.jpg,https://farm66.staticflickr.com/65535/49042203118_0e2d976c71_o.png
https://farm66.staticflickr.com/65535/49042917932_908138417e_z.jpg,https://farm66.staticflickr.com/65535/49042917932_3e4aa4154b_o.png
https://farm66.staticflickr.com/65535/49042202783_4181487725_z.jpg,https://farm66.staticflickr.com/65535/49042202783_e0ba3458a7_o.png
https://farm66.staticflickr.com/65535/49042917552_72cd35a2ac_z.jpg,https://farm66.staticflickr.com/65535/49042917552_b9bc643d85_o.png
https://farm66.staticflickr.com/65535/49042701941_b0ba0700d6_z.jpg,https://farm66.staticflickr.com/65535/49042701941_b644ec7005_o.png
https://farm66.staticflickr.com/65535/49042917372_f62f5d2a0c_z.jpg,https://farm66.staticflickr.com/65535/49042917372_2a693f5afe_o.png
https://farm66.staticflickr.com/65535/49042202328_7b6e646e5a_z.jpg,https://farm66.staticflickr.com/65535/49042202328_03479ef30a_o.png
https://farm66.staticflickr.com/65535/49042917122_e48097aa8d_z.jpg,https://farm66.staticflickr.com/65535/49042917122_e48b8f6af0_o.png
https://farm66.staticflickr.com/65535/49042701371_3242eabccb_z.jpg,https://farm66.staticflickr.com/65535/49042701371_1f2a719247_o.png
https://farm66.staticflickr.com/65535/49042916887_04aaf45646_z.jpg,https://farm66.staticflickr.com/65535/49042916887_6b4bca2018_o.png
https://farm66.staticflickr.com/65535/49042916782_953277372d_z.jpg,https://farm66.staticflickr.com/65535/49042916782_aaf12177a8_o.png
https://farm66.staticflickr.com/65535/49042201753_3f850262b1_z.jpg,https://farm66.staticflickr.com/65535/49042201753_97f3bccefd_o.png
https://farm66.staticflickr.com/65535/49042916557_012d5f21e1_z.jpg,https://farm66.staticflickr.com/65535/49042916557_5dc2d3f05f_o.png
https://farm66.staticflickr.com/65535/49042700801_1f03f232f2_z.jpg,https://farm66.staticflickr.com/65535/49042700801_18c9e26b51_o.png
https://farm66.staticflickr.com/65535/49042201353_ab5f8818e8_z.jpg,https://farm66.staticflickr.com/65535/49042201353_1d9a0de9b0_o.png
https://farm66.staticflickr.com/65535/49042700481_cde820c7ac_z.jpg,https://farm66.staticflickr.com/65535/49042700481_b2e9960a32_o.png
https://farm66.staticflickr.com/65535/49042700421_6164cd39c4_z.jpg,https://farm66.staticflickr.com/65535/49042700421_31e1908bfc_o.png
https://farm66.staticflickr.com/65535/49042700216_6d9ef5558a_z.jpg,https://farm66.staticflickr.com/65535/49042700216_6ced1c912e_o.png
https://farm66.staticflickr.com/65535/49042200758_6da30eae97_z.jpg,https://farm66.staticflickr.com/65535/49042200758_1fd9529750_o.png
https://farm66.staticflickr.com/65535/49042700146_6df162456e_z.jpg,https://farm66.staticflickr.com/65535/49042700146_cd78367974_o.png
https://farm66.staticflickr.com/65535/49042699891_c7306df9fb_z.jpg,https://farm66.staticflickr.com/65535/49042699891_4464c84618_o.png
https://farm66.staticflickr.com/65535/49042699761_67289c5bdf_z.jpg,https://farm66.staticflickr.com/65535/49042699761_104a7670a4_o.png
https://farm66.staticflickr.com/65535/49042699671_0c9be505af_z.jpg,https://farm66.staticflickr.com/65535/49042699671_fc3c2a6906_o.png
https://farm66.staticflickr.com/65535/49042699666_e4bce1c08d_z.jpg,https://farm66.staticflickr.com/65535/49042699666_1de3d6d2f6_o.png
https://farm66.staticflickr.com/65535/49042915187_c57a55d540_z.jpg,https://farm66.staticflickr.com/65535/49042915187_3ddfd407a4_o.png
https://farm66.staticflickr.com/65535/49042200063_41bb43d18d_z.jpg,https://farm66.staticflickr.com/65535/49042200063_6dacbb2400_o.png
https://farm66.staticflickr.com/65535/49042914912_49922ce0d4_z.jpg,https://farm66.staticflickr.com/65535/49042914912_2333037ae7_o.png
https://farm66.staticflickr.com/65535/49042199888_c8920e7f32_z.jpg,https://farm66.staticflickr.com/65535/49042199888_442bc02284_o.png
https://farm66.staticflickr.com/65535/49042914772_bbcb6eda38_z.jpg,https://farm66.staticflickr.com/65535/49042914772_4426ee32ff_o.png
https://farm66.staticflickr.com/65535/49042914662_3b8c973389_z.jpg,https://farm66.staticflickr.com/65535/49042914662_1e833ec438_o.png
https://farm66.staticflickr.com/65535/49042199518_d2b01fa3e4_z.jpg,https://farm66.staticflickr.com/65535/49042199518_d86323994b_o.png
https://farm66.staticflickr.com/65535/49042698906_27390e1828_z.jpg,https://farm66.staticflickr.com/65535/49042698906_510df03cca_o.png
https://farm66.staticflickr.com/65535/49042698821_13627d7737_z.jpg,https://farm66.staticflickr.com/65535/49042698821_ff683ccf8d_o.png
https://farm66.staticflickr.com/65535/49042698576_882653e283_z.jpg,https://farm66.staticflickr.com/65535/49042698576_1a81595e4d_o.png
https://farm66.staticflickr.com/65535/49042199058_094f43ffc8_z.jpg,https://farm66.staticflickr.com/65535/49042199058_600ea04963_o.png
https://farm66.staticflickr.com/65535/49042913942_3532df7cde_z.jpg,https://farm66.staticflickr.com/65535/49042913942_86ea040b16_o.png
https://farm66.staticflickr.com/65535/49042698171_c8c05879e3_z.jpg,https://farm66.staticflickr.com/65535/49042698171_0c4c6ac369_o.png
https://farm66.staticflickr.com/65535/49042913497_78e88ee7ae_z.jpg,https://farm66.staticflickr.com/65535/49042913497_a6ee4bb86c_o.png
https://farm66.staticflickr.com/65535/49042913457_d34392db56_z.jpg,https://farm66.staticflickr.com/65535/49042913457_ef0bbe5306_o.png
https://farm66.staticflickr.com/65535/49042198538_5286cc66ea_z.jpg,https://farm66.staticflickr.com/65535/49042198538_42ac191314_o.png
https://farm66.staticflickr.com/65535/49042697691_2db0832348_z.jpg,https://farm66.staticflickr.com/65535/49042697691_9055cd74e8_o.png
https://farm66.staticflickr.com/65535/49042913152_cbf63f3c64_z.jpg,https://farm66.staticflickr.com/65535/49042913152_cd38582418_o.png
https://farm66.staticflickr.com/65535/49042912977_261fab8060_z.jpg,https://farm66.staticflickr.com/65535/49042912977_49fd8b9660_o.png
https://farm66.staticflickr.com/65535/49042697121_2bd4b0f6b3_z.jpg,https://farm66.staticflickr.com/65535/49042697121_3cc7cd3def_o.png
https://farm66.staticflickr.com/65535/49042697176_e812045717_z.jpg,https://farm66.staticflickr.com/65535/49042697176_610f21c5a7_o.png
https://farm66.staticflickr.com/65535/49042197713_88f4a0e6f7_z.jpg,https://farm66.staticflickr.com/65535/49042197713_6ce33d6b8b_o.png
https://farm66.staticflickr.com/65535/49042696701_fca15616da_z.jpg,https://farm66.staticflickr.com/65535/49042696701_7706321207_o.png
https://farm66.staticflickr.com/65535/49042911922_f8b1100fa7_z.jpg,https://farm66.staticflickr.com/65535/49042911922_4c60e4fa0a_o.png
https://farm66.staticflickr.com/65535/49042696451_6ff98e864a_z.jpg,https://farm66.staticflickr.com/65535/49042696451_342673e614_o.png
https://farm66.staticflickr.com/65535/49042696391_c1db7ed283_z.jpg,https://farm66.staticflickr.com/65535/49042696391_f0725a1280_o.png
https://farm66.staticflickr.com/65535/49042648436_c62629f31e_z.jpg,https://farm66.staticflickr.com/65535/49042648436_e837b871e1_o.png
https://farm66.staticflickr.com/65535/49042648486_f895bc3a9d_z.jpg,https://farm66.staticflickr.com/65535/49042648486_7b2a740980_o.png
https://farm66.staticflickr.com/65535/49042862822_074396c2a9_z.jpg,https://farm66.staticflickr.com/65535/49042862822_6572d107cb_o.png
https://farm66.staticflickr.com/65535/49042862532_282f8f9e2c_z.jpg,https://farm66.staticflickr.com/65535/49042862532_832d7bc03d_o.png
https://farm66.staticflickr.com/65535/49042147673_ec687a3549_z.jpg,https://farm66.staticflickr.com/65535/49042147673_1f73aa0798_o.png
https://farm66.staticflickr.com/65535/49042147493_c08f2d3eff_z.jpg,https://farm66.staticflickr.com/65535/49042147493_4496d79e99_o.png
https://farm66.staticflickr.com/65535/49042647566_a5f55a8537_z.jpg,https://farm66.staticflickr.com/65535/49042647566_f1a40e4a5c_o.png
https://farm66.staticflickr.com/65535/49042861877_ec2c20b865_z.jpg,https://farm66.staticflickr.com/65535/49042861877_c3ec4e0065_o.png
https://farm66.staticflickr.com/65535/49042647066_b8952270b4_z.jpg,https://farm66.staticflickr.com/65535/49042647066_820867973c_o.png
https://farm66.staticflickr.com/65535/49042646991_1cee38e8b2_z.jpg,https://farm66.staticflickr.com/65535/49042646991_5d854d046c_o.png
https://farm66.staticflickr.com/65535/49042646961_1dd3830250_z.jpg,https://farm66.staticflickr.com/65535/49042646961_c1d9e7c0bb_o.png
https://farm66.staticflickr.com/65535/49042146318_e3ba831081_z.jpg,https://farm66.staticflickr.com/65535/49042146318_15d5d1d933_o.png
https://farm66.staticflickr.com/65535/49042860977_612a138019_z.jpg,https://farm66.staticflickr.com/65535/49042860977_916b5f9ca1_o.png
https://farm66.staticflickr.com/65535/49042146153_b770dfc919_z.jpg,https://farm66.staticflickr.com/65535/49042146153_c46125ed4e_o.png
https://farm66.staticflickr.com/65535/49042646236_79f0b0f81a_z.jpg,https://farm66.staticflickr.com/65535/49042646236_d717e1c1ee_o.png
https://farm66.staticflickr.com/65535/49042860427_7b17b3a33f_z.jpg,https://farm66.staticflickr.com/65535/49042860427_06b1403016_o.png
https://farm66.staticflickr.com/65535/49042145623_b722e4bedf_z.jpg,https://farm66.staticflickr.com/65535/49042145623_27fb2d785f_o.png
https://farm66.staticflickr.com/65535/49042145648_9ff937b7bd_z.jpg,https://farm66.staticflickr.com/65535/49042145648_da3ba3dcf8_o.png
https://farm66.staticflickr.com/65535/49042859752_26d6f0bc0b_z.jpg,https://farm66.staticflickr.com/65535/49042859752_4d66a3b740_o.png
https://farm66.staticflickr.com/65535/49042144878_384fb33fc6_z.jpg,https://farm66.staticflickr.com/65535/49042144878_2ec3d958f4_o.png
https://farm66.staticflickr.com/65535/49042859462_905547d93c_z.jpg,https://farm66.staticflickr.com/65535/49042859462_4ac4c8a3da_o.png
https://farm66.staticflickr.com/65535/49042859217_ccd89a8d4d_z.jpg,https://farm66.staticflickr.com/65535/49042859217_8cb2e9485a_o.png
https://farm66.staticflickr.com/65535/49042644356_7b4ec2f5e2_z.jpg,https://farm66.staticflickr.com/65535/49042644356_cd54be23b7_o.png
https://farm66.staticflickr.com/65535/49042644086_f9a62d4b34_z.jpg,https://farm66.staticflickr.com/65535/49042644086_009245fcf9_o.png
https://farm66.staticflickr.com/65535/49042858827_94528d1094_z.jpg,https://farm66.staticflickr.com/65535/49042858827_dc87121d1f_o.png
https://farm66.staticflickr.com/65535/49042643886_c393613a91_z.jpg,https://farm66.staticflickr.com/65535/49042643886_605acac9f4_o.png
https://farm66.staticflickr.com/65535/49042143383_941970ce3f_z.jpg,https://farm66.staticflickr.com/65535/49042143383_25ca89c04b_o.png
https://farm66.staticflickr.com/65535/49042858267_a149e44c4b_z.jpg,https://farm66.staticflickr.com/65535/49042858267_d73384389d_o.png
https://farm66.staticflickr.com/65535/49042858187_bf8203ffd0_z.jpg,https://farm66.staticflickr.com/65535/49042858187_f37f7da906_o.png
https://farm66.staticflickr.com/65535/49042142958_85573db066_z.jpg,https://farm66.staticflickr.com/65535/49042142958_415b8c0491_o.png
https://farm66.staticflickr.com/65535/49042142568_e626e3ea11_z.jpg,https://farm66.staticflickr.com/65535/49042142568_fbd936efbe_o.png
https://farm66.staticflickr.com/65535/49042142528_1f699cc39b_z.jpg,https://farm66.staticflickr.com/65535/49042142528_82a7fec7af_o.png
https://farm66.staticflickr.com/65535/49042642636_b344a6d01e_z.jpg,https://farm66.staticflickr.com/65535/49042642636_612d945a40_o.png
https://farm66.staticflickr.com/65535/49042642191_b555e542ac_z.jpg,https://farm66.staticflickr.com/65535/49042642191_0c52f254bc_o.png
https://farm66.staticflickr.com/65535/49042642101_dc5b097954_z.jpg,https://farm66.staticflickr.com/65535/49042642101_e020bfaa41_o.png
https://farm66.staticflickr.com/65535/49042141923_bffb76ca77_z.jpg,https://farm66.staticflickr.com/65535/49042141923_8777a311a3_o.png
https://farm66.staticflickr.com/65535/49042856817_39f7da886d_z.jpg,https://farm66.staticflickr.com/65535/49042856817_70e47e67f0_o.png
https://farm66.staticflickr.com/65535/49042141578_0d10dc6921_z.jpg,https://farm66.staticflickr.com/65535/49042141578_d5ff6d5906_o.png
https://farm66.staticflickr.com/65535/49042141353_49a77490b5_z.jpg,https://farm66.staticflickr.com/65535/49042141353_7da3c88d7f_o.png
https://farm66.staticflickr.com/65535/49042641481_793b83959e_z.jpg,https://farm66.staticflickr.com/65535/49042641481_1d5e9d05f2_o.png
https://farm66.staticflickr.com/65535/49042141208_db3a53af5e_z.jpg,https://farm66.staticflickr.com/65535/49042141208_7f064d0e27_o.png
https://farm66.staticflickr.com/65535/49042641291_7079d657ff_z.jpg,https://farm66.staticflickr.com/65535/49042641291_79daa73c34_o.png
https://farm66.staticflickr.com/65535/49042855982_48eee5be7f_z.jpg,https://farm66.staticflickr.com/65535/49042855982_30cd755fa5_o.png
https://farm66.staticflickr.com/65535/49042640966_220ce1a4b4_z.jpg,https://farm66.staticflickr.com/65535/49042640966_aa9f64f586_o.png
https://farm66.staticflickr.com/65535/49042855732_33d163dc20_z.jpg,https://farm66.staticflickr.com/65535/49042855732_fa1f830040_o.png
https://farm66.staticflickr.com/65535/49042140463_03d68b0bbc_z.jpg,https://farm66.staticflickr.com/65535/49042140463_20aa4445e2_o.png
https://farm66.staticflickr.com/65535/49042140413_ae0180755c_z.jpg,https://farm66.staticflickr.com/65535/49042140413_b2ba10ee19_o.png
https://farm66.staticflickr.com/65535/49578185788_d90e051fb2_z.jpg,https://farm66.staticflickr.com/65535/49578185788_8b51231d1c_o.png
https://farm66.staticflickr.com/65535/49578185673_14da56943d_z.jpg,https://farm66.staticflickr.com/65535/49578185673_ba97a9847a_o.png
https://farm66.staticflickr.com/65535/49578917057_e429778448_z.jpg,https://farm66.staticflickr.com/65535/49578917057_2a0b99a92f_o.png
https://farm66.staticflickr.com/65535/49578185593_95284803c7_z.jpg,https://farm66.staticflickr.com/65535/49578185593_fbc4b1b799_o.png
https://farm66.staticflickr.com/65535/49578185433_a61bbd3825_z.jpg,https://farm66.staticflickr.com/65535/49578185433_e9fccd40b6_o.png
https://farm66.staticflickr.com/65535/49578185198_2224c13671_z.jpg,https://farm66.staticflickr.com/65535/49578185198_44f94fdcb5_o.png
https://farm66.staticflickr.com/65535/49578185043_1a9598e670_z.jpg,https://farm66.staticflickr.com/65535/49578185043_1b41dc67e7_o.png
https://farm66.staticflickr.com/65535/49578690221_d2b0f18307_z.jpg,https://farm66.staticflickr.com/65535/49578690221_13f7419040_o.png
https://farm66.staticflickr.com/65535/49578184858_9836713d73_z.jpg,https://farm66.staticflickr.com/65535/49578184858_4d44dd9aa1_o.png
https://farm66.staticflickr.com/65535/49578184568_76bbef8f08_z.jpg,https://farm66.staticflickr.com/65535/49578184568_3347e4fe04_o.png
https://farm66.staticflickr.com/65535/49578689366_3a00d0c0b0_z.jpg,https://farm66.staticflickr.com/65535/49578689366_ba09500829_o.png
https://farm66.staticflickr.com/65535/49578184058_24b3276986_z.jpg,https://farm66.staticflickr.com/65535/49578184058_1110c211d5_o.png
https://farm66.staticflickr.com/65535/49578915482_70f8e60588_z.jpg,https://farm66.staticflickr.com/65535/49578915482_7d81259667_o.png
https://farm66.staticflickr.com/65535/49578688916_be338ed53d_z.jpg,https://farm66.staticflickr.com/65535/49578688916_d2abbab391_o.png
https://farm66.staticflickr.com/65535/49578688731_8240709ca6_z.jpg,https://farm66.staticflickr.com/65535/49578688731_9f3a8251c1_o.png
https://farm66.staticflickr.com/65535/49578914772_c2660ee643_z.jpg,https://farm66.staticflickr.com/65535/49578914772_770b023eca_o.png
https://farm66.staticflickr.com/65535/49578183053_eee9cfd785_z.jpg,https://farm66.staticflickr.com/65535/49578183053_2c9efc0a98_o.png
https://farm66.staticflickr.com/65535/49578914567_3c9711385f_z.jpg,https://farm66.staticflickr.com/65535/49578914567_751e01ed4e_o.png
https://farm66.staticflickr.com/65535/49578182788_12d773f39e_z.jpg,https://farm66.staticflickr.com/65535/49578182788_79534a3344_o.png
https://farm66.staticflickr.com/65535/49578914097_28d98def26_z.jpg,https://farm66.staticflickr.com/65535/49578914097_c42ab4bd0f_o.png
https://farm66.staticflickr.com/65535/49578913787_c8ffa9f819_z.jpg,https://farm66.staticflickr.com/65535/49578913787_8f51f807fa_o.png
https://farm66.staticflickr.com/65535/49578182228_a9b096c046_z.jpg,https://farm66.staticflickr.com/65535/49578182228_00b1e6fefd_o.png
https://farm66.staticflickr.com/65535/49578182153_44d77d4f56_z.jpg,https://farm66.staticflickr.com/65535/49578182153_ac67f0feef_o.png
https://farm66.staticflickr.com/65535/49578913472_8f787a508c_z.jpg,https://farm66.staticflickr.com/65535/49578913472_ec55a3e03a_o.png
https://farm66.staticflickr.com/65535/49578181828_47f0325eac_z.jpg,https://farm66.staticflickr.com/65535/49578181828_3e04b6dde5_o.png
https://farm66.staticflickr.com/65535/49578686646_c09f49de70_z.jpg,https://farm66.staticflickr.com/65535/49578686646_f2d5477834_o.png
https://farm66.staticflickr.com/65535/49578181293_e55a6df0e0_z.jpg,https://farm66.staticflickr.com/65535/49578181293_17ceca26c7_o.png
https://farm66.staticflickr.com/65535/49578181008_c6ca012d1c_z.jpg,https://farm66.staticflickr.com/65535/49578181008_b92c023f30_o.png
https://farm66.staticflickr.com/65535/49578180953_20f530b843_z.jpg,https://farm66.staticflickr.com/65535/49578180953_20feeb85f9_o.png
https://farm66.staticflickr.com/65535/49578180768_00840213a0_z.jpg,https://farm66.staticflickr.com/65535/49578180768_2e99cf5bf7_o.png
https://farm66.staticflickr.com/65535/49578180553_6db03bd0da_z.jpg,https://farm66.staticflickr.com/65535/49578180553_372b2576ba_o.png
https://farm66.staticflickr.com/65535/49578180433_cd1b14f05d_z.jpg,https://farm66.staticflickr.com/65535/49578180433_906d177d1d_o.png
https://farm66.staticflickr.com/65535/49578911742_d584eb0d69_z.jpg,https://farm66.staticflickr.com/65535/49578911742_eda41f7b70_o.png
https://farm66.staticflickr.com/65535/49578685186_3c5b99be77_z.jpg,https://farm66.staticflickr.com/65535/49578685186_cb74db06a0_o.png
https://farm66.staticflickr.com/65535/49578685111_ce67d1b74e_z.jpg,https://farm66.staticflickr.com/65535/49578685111_0fc5da122a_o.png
https://farm66.staticflickr.com/65535/49578911127_82473c5f3b_z.jpg,https://farm66.staticflickr.com/65535/49578911127_3d47a53cc4_o.png
https://farm66.staticflickr.com/65535/49578684656_e34aec2e93_z.jpg,https://farm66.staticflickr.com/65535/49578684656_c34f44a189_o.png
https://farm66.staticflickr.com/65535/49578684216_499afb6853_z.jpg,https://farm66.staticflickr.com/65535/49578684216_55127cb0e3_o.png
https://farm66.staticflickr.com/65535/49578179038_6ae4746db9_z.jpg,https://farm66.staticflickr.com/65535/49578179038_7e6155453e_o.png
https://farm66.staticflickr.com/65535/49578178828_d734cd7df6_z.jpg,https://farm66.staticflickr.com/65535/49578178828_3e81aaa077_o.png
https://farm66.staticflickr.com/65535/49578910022_5d5595c516_z.jpg,https://farm66.staticflickr.com/65535/49578910022_f810412791_o.png
https://farm66.staticflickr.com/65535/49578178503_3e4214fd2c_z.jpg,https://farm66.staticflickr.com/65535/49578178503_41a3cda95c_o.png
https://farm66.staticflickr.com/65535/49578909707_acbb23d207_z.jpg,https://farm66.staticflickr.com/65535/49578909707_e2f26d3221_o.png
https://farm66.staticflickr.com/65535/49578178118_9c4588d97e_z.jpg,https://farm66.staticflickr.com/65535/49578178118_36cc6db83b_o.png
https://farm66.staticflickr.com/65535/49578682991_f89ebdc36b_z.jpg,https://farm66.staticflickr.com/65535/49578682991_26ffcb48c5_o.png
https://farm66.staticflickr.com/65535/49578682611_64022d99c1_z.jpg,https://farm66.staticflickr.com/65535/49578682611_59ce1f1357_o.png
https://farm66.staticflickr.com/65535/49578682401_a07600229e_z.jpg,https://farm66.staticflickr.com/65535/49578682401_b10b695d35_o.png
https://farm66.staticflickr.com/65535/49578908387_b20d4edaeb_z.jpg,https://farm66.staticflickr.com/65535/49578908387_cc689bb2cd_o.png
https://farm66.staticflickr.com/65535/49578682226_8bfab14c91_z.jpg,https://farm66.staticflickr.com/65535/49578682226_d9810762c3_o.png
https://farm66.staticflickr.com/65535/49578909177_ac98727b6d_z.jpg,https://farm66.staticflickr.com/65535/49578909177_6b6568fae0_o.png
https://farm66.staticflickr.com/65535/49578177048_162684969e_z.jpg,https://farm66.staticflickr.com/65535/49578177048_f83ea498a8_o.png
https://farm66.staticflickr.com/65535/49578907917_7ab4537104_z.jpg,https://farm66.staticflickr.com/65535/49578907917_76e6411230_o.png
https://farm66.staticflickr.com/65535/49578176683_8b31b8ca38_z.jpg,https://farm66.staticflickr.com/65535/49578176683_18e9000690_o.png
https://farm66.staticflickr.com/65535/49578681566_1731ac333e_z.jpg,https://farm66.staticflickr.com/65535/49578681566_bc518cee8a_o.png
https://farm66.staticflickr.com/65535/49578907597_d06705ec04_z.jpg,https://farm66.staticflickr.com/65535/49578907597_48f1e23ea6_o.png
https://farm66.staticflickr.com/65535/49578907372_2f7ed9c2a7_z.jpg,https://farm66.staticflickr.com/65535/49578907372_0edc602cc8_o.png
https://farm66.staticflickr.com/65535/49578907297_16a863801a_z.jpg,https://farm66.staticflickr.com/65535/49578907297_b384183246_o.png
https://farm66.staticflickr.com/65535/49578175893_961107ae21_z.jpg,https://farm66.staticflickr.com/65535/49578175893_d765c040e8_o.png
https://farm66.staticflickr.com/65535/49578175608_dd8a774234_z.jpg,https://farm66.staticflickr.com/65535/49578175608_be905c1963_o.png
https://farm66.staticflickr.com/65535/49578680716_ccbca7f6a8_z.jpg,https://farm66.staticflickr.com/65535/49578680716_01e6400f37_o.png
https://farm66.staticflickr.com/65535/49578680561_4cc8d6f14e_z.jpg,https://farm66.staticflickr.com/65535/49578680561_0c6f5a3b9f_o.png
https://farm66.staticflickr.com/65535/49578680256_40893663e8_z.jpg,https://farm66.staticflickr.com/65535/49578680256_b3c339d4fc_o.png
https://farm66.staticflickr.com/65535/49578174613_2eec9ce8f5_z.jpg,https://farm66.staticflickr.com/65535/49578174613_22781ce1fb_o.png
https://farm66.staticflickr.com/65535/49578679741_31e9dc5758_z.jpg,https://farm66.staticflickr.com/65535/49578679741_ca30ce6e70_o.png
https://farm66.staticflickr.com/65535/49578905847_0e8b89146d_z.jpg,https://farm66.staticflickr.com/65535/49578905847_f9de0fbd4d_o.png
https://farm66.staticflickr.com/65535/49578905662_443c89c3dd_z.jpg,https://farm66.staticflickr.com/65535/49578905662_7cb3dc3af3_o.png
https://farm66.staticflickr.com/65535/49578679301_186a756562_z.jpg,https://farm66.staticflickr.com/65535/49578679301_73ac6caa82_o.png
https://farm66.staticflickr.com/65535/49578173808_be200f1532_z.jpg,https://farm66.staticflickr.com/65535/49578173808_2e3bde5176_o.png
https://farm66.staticflickr.com/65535/49578678956_c9afa059b4_z.jpg,https://farm66.staticflickr.com/65535/49578678956_5ee23beed8_o.png
https://farm66.staticflickr.com/65535/49578173538_680a3ab5f9_z.jpg,https://farm66.staticflickr.com/65535/49578173538_fe3c43686b_o.png
https://farm66.staticflickr.com/65535/49578678701_56a9c03ed1_z.jpg,https://farm66.staticflickr.com/65535/49578678701_f94aeabd70_o.png
https://farm66.staticflickr.com/65535/49578678586_93d632647e_z.jpg,https://farm66.staticflickr.com/65535/49578678586_51abfde394_o.png
https://farm66.staticflickr.com/65535/49578678556_1377f62fe0_z.jpg,https://farm66.staticflickr.com/65535/49578678556_e5a202aedb_o.png
https://farm66.staticflickr.com/65535/49578904347_2332def152_z.jpg,https://farm66.staticflickr.com/65535/49578904347_d7a567172d_o.png
https://farm66.staticflickr.com/65535/49578904302_4b4ac908a8_z.jpg,https://farm66.staticflickr.com/65535/49578904302_44e90ae867_o.png
https://farm66.staticflickr.com/65535/49578904132_7606c2d08e_z.jpg,https://farm66.staticflickr.com/65535/49578904132_030bd869b3_o.png
https://farm66.staticflickr.com/65535/49578172493_91d63092ca_z.jpg,https://farm66.staticflickr.com/65535/49578172493_f69bb50275_o.png
https://farm66.staticflickr.com/65535/49578903757_8d8e5895d8_z.jpg,https://farm66.staticflickr.com/65535/49578903757_fb74b2c2aa_o.png
https://farm66.staticflickr.com/65535/49578172163_a945565953_z.jpg,https://farm66.staticflickr.com/65535/49578172163_a5135d3359_o.png
https://farm66.staticflickr.com/65535/49578677531_abfaf71095_z.jpg,https://farm66.staticflickr.com/65535/49578677531_499bcaae3d_o.png
https://farm66.staticflickr.com/65535/49578171708_2c949c7a1b_z.jpg,https://farm66.staticflickr.com/65535/49578171708_d4cd422d8c_o.png
https://farm66.staticflickr.com/65535/49578676856_190a7c7dd5_z.jpg,https://farm66.staticflickr.com/65535/49578676856_737c788238_o.png
https://farm66.staticflickr.com/65535/49578676916_f5386d3663_z.jpg,https://farm66.staticflickr.com/65535/49578676916_7a301e3470_o.png
https://farm66.staticflickr.com/65535/49578171353_f406e3ce03_z.jpg,https://farm66.staticflickr.com/65535/49578171353_2272ccb49e_o.png
https://farm66.staticflickr.com/65535/49578676536_592750c7c9_z.jpg,https://farm66.staticflickr.com/65535/49578676536_e29d3116da_o.png
https://farm66.staticflickr.com/65535/49578170908_d15e303ee6_z.jpg,https://farm66.staticflickr.com/65535/49578170908_e59a9449cd_o.png
https://farm66.staticflickr.com/65535/49578902282_056dc4ae25_z.jpg,https://farm66.staticflickr.com/65535/49578902282_69f65ec06f_o.png
https://farm66.staticflickr.com/65535/49578902292_7889c08052_z.jpg,https://farm66.staticflickr.com/65535/49578902292_1c1f32ec5d_o.png
https://farm66.staticflickr.com/65535/49578902062_95c0dc1c40_z.jpg,https://farm66.staticflickr.com/65535/49578902062_990666b4de_o.png
https://farm66.staticflickr.com/65535/49578675706_42906d945a_z.jpg,https://farm66.staticflickr.com/65535/49578675706_3f1be791ee_o.png
https://farm66.staticflickr.com/65535/49578675576_165b709f78_z.jpg,https://farm66.staticflickr.com/65535/49578675576_2544d375e4_o.png
https://farm66.staticflickr.com/65535/49578170088_3bf40f87b7_z.jpg,https://farm66.staticflickr.com/65535/49578170088_afa9fc9db3_o.png
https://farm66.staticflickr.com/65535/49578169808_6b7fae5f52_z.jpg,https://farm66.staticflickr.com/65535/49578169808_f0db54a168_o.png
https://farm66.staticflickr.com/65535/49578169528_d66c40bbcd_z.jpg,https://farm66.staticflickr.com/65535/49578169528_cd06b5f46c_o.png
https://farm66.staticflickr.com/65535/49578674836_daf1dd02f5_z.jpg,https://farm66.staticflickr.com/65535/49578674836_afe7ebba8a_o.png
https://farm66.staticflickr.com/65535/49578674636_fef12444d5_z.jpg,https://farm66.staticflickr.com/65535/49578674636_40dd749692_o.png
https://farm66.staticflickr.com/65535/49578169133_a338141412_z.jpg,https://farm66.staticflickr.com/65535/49578169133_3e7f681a4e_o.png
https://farm66.staticflickr.com/65535/49578169093_a695c30dde_z.jpg,https://farm66.staticflickr.com/65535/49578169093_0b5cf28630_o.png
https://farm66.staticflickr.com/65535/49578900337_bb7aa7b678_z.jpg,https://farm66.staticflickr.com/65535/49578900337_9100bb19e2_o.png
https://farm66.staticflickr.com/65535/49578171793_de9eb8fd11_z.jpg,https://farm66.staticflickr.com/65535/49578171793_91c1210888_o.png
https://farm66.staticflickr.com/65535/49578674091_c83cfcaba2_z.jpg,https://farm66.staticflickr.com/65535/49578674091_27acf0b795_o.png
https://farm66.staticflickr.com/65535/49578673801_08c491e1ec_z.jpg,https://farm66.staticflickr.com/65535/49578673801_15938f0f22_o.png
https://farm66.staticflickr.com/65535/49578673686_54e2bcb2ef_z.jpg,https://farm66.staticflickr.com/65535/49578673686_131d9a8bd1_o.png
https://farm66.staticflickr.com/65535/49578899802_fe9e61b8f6_z.jpg,https://farm66.staticflickr.com/65535/49578899802_9230acfafe_o.png
https://farm66.staticflickr.com/65535/49578168008_abfb761a81_z.jpg,https://farm66.staticflickr.com/65535/49578168008_e4bc617bdd_o.png
https://farm66.staticflickr.com/65535/49578673276_f8e700522e_z.jpg,https://farm66.staticflickr.com/65535/49578673276_410400094b_o.png
https://farm66.staticflickr.com/65535/49578899527_28ea594d38_z.jpg,https://farm66.staticflickr.com/65535/49578899527_2df2e1720b_o.png
https://farm66.staticflickr.com/65535/49578673041_84ab245a96_z.jpg,https://farm66.staticflickr.com/65535/49578673041_482a0ba245_o.png
https://farm66.staticflickr.com/65535/49578167623_a29d5b948e_z.jpg,https://farm66.staticflickr.com/65535/49578167623_aa7880b9f1_o.png
https://farm66.staticflickr.com/65535/49578899142_26e1341aa5_z.jpg,https://farm66.staticflickr.com/65535/49578899142_8ec5ca66d9_o.png
https://farm66.staticflickr.com/65535/49578898807_58e8d02fa5_z.jpg,https://farm66.staticflickr.com/65535/49578898807_c69396fbc6_o.png
https://farm66.staticflickr.com/65535/49578672471_e9c45d5dc4_z.jpg,https://farm66.staticflickr.com/65535/49578672471_6a5b9a6294_o.png
https://farm66.staticflickr.com/65535/49578672506_77a75cbf71_z.jpg,https://farm66.staticflickr.com/65535/49578672506_60142e78de_o.png
https://farm66.staticflickr.com/65535/49578672186_d6a1cd460d_z.jpg,https://farm66.staticflickr.com/65535/49578672186_43e2bff506_o.png
https://farm66.staticflickr.com/65535/49578898222_19f26220fa_z.jpg,https://farm66.staticflickr.com/65535/49578898222_761959b815_o.png
https://farm66.staticflickr.com/65535/49578898167_c3483eb38a_z.jpg,https://farm66.staticflickr.com/65535/49578898167_8136169d79_o.png
https://farm66.staticflickr.com/65535/49578898022_57c24a3b8c_z.jpg,https://farm66.staticflickr.com/65535/49578898022_15fae3edb6_o.png
https://farm66.staticflickr.com/65535/49578671626_55119e0e41_z.jpg,https://farm66.staticflickr.com/65535/49578671626_730ff88eb5_o.png
https://farm66.staticflickr.com/65535/49578897722_085025fd73_z.jpg,https://farm66.staticflickr.com/65535/49578897722_c77bfd76ef_o.png
https://farm66.staticflickr.com/65535/49578671281_1652f4f192_z.jpg,https://farm66.staticflickr.com/65535/49578671281_1dce3f2aae_o.png
https://farm66.staticflickr.com/65535/49578671191_91f68ffc18_z.jpg,https://farm66.staticflickr.com/65535/49578671191_6737d51a61_o.png
https://farm66.staticflickr.com/65535/49578671046_9f25ffe852_z.jpg,https://farm66.staticflickr.com/65535/49578671046_68e71f2698_o.png
https://farm66.staticflickr.com/65535/49578896957_0983a64c5a_z.jpg,https://farm66.staticflickr.com/65535/49578896957_570941ca96_o.png
https://farm66.staticflickr.com/65535/49578896807_eae7d006ca_z.jpg,https://farm66.staticflickr.com/65535/49578896807_e82044e042_o.png
https://farm66.staticflickr.com/65535/49578896722_da7af1a64b_z.jpg,https://farm66.staticflickr.com/65535/49578896722_a4b7859983_o.png
https://farm66.staticflickr.com/65535/49578896622_d440f525a5_z.jpg,https://farm66.staticflickr.com/65535/49578896622_d363f88893_o.png
https://farm66.staticflickr.com/65535/49578165008_bcf00973e5_z.jpg,https://farm66.staticflickr.com/65535/49578165008_5fd02257fb_o.png
https://farm66.staticflickr.com/65535/49578164908_d92393b78e_z.jpg,https://farm66.staticflickr.com/65535/49578164908_f03ec00cd9_o.png
https://farm66.staticflickr.com/65535/49578896122_03196eaedc_z.jpg,https://farm66.staticflickr.com/65535/49578896122_33ab91a1e8_o.png
https://farm66.staticflickr.com/65535/49578669811_54f9719ffa_z.jpg,https://farm66.staticflickr.com/65535/49578669811_71307afd08_o.png
https://farm66.staticflickr.com/65535/49578895697_9740748aea_z.jpg,https://farm66.staticflickr.com/65535/49578895697_78558e58a0_o.png
https://farm66.staticflickr.com/65535/49578164238_1b191fc06c_z.jpg,https://farm66.staticflickr.com/65535/49578164238_c02f6db46a_o.png
https://farm66.staticflickr.com/65535/49578669351_448fe5977f_z.jpg,https://farm66.staticflickr.com/65535/49578669351_152697030e_o.png
https://farm66.staticflickr.com/65535/49578895157_b1d0682d81_z.jpg,https://farm66.staticflickr.com/65535/49578895157_a50f83b0b9_o.png
https://farm66.staticflickr.com/65535/49578163733_86d8279097_z.jpg,https://farm66.staticflickr.com/65535/49578163733_8312e5b303_o.png
https://farm66.staticflickr.com/65535/49578668961_b1c18b6997_z.jpg,https://farm66.staticflickr.com/65535/49578668961_874c44d9b1_o.png
https://farm66.staticflickr.com/65535/49578163308_0e64c45658_z.jpg,https://farm66.staticflickr.com/65535/49578163308_8b0be1bbb8_o.png
https://farm66.staticflickr.com/65535/49578163168_4c83c11540_z.jpg,https://farm66.staticflickr.com/65535/49578163168_c38715739a_o.png
https://farm66.staticflickr.com/65535/49578668396_13c95e197e_z.jpg,https://farm66.staticflickr.com/65535/49578668396_a95d013436_o.png
https://farm66.staticflickr.com/65535/49578668016_c0a3e7f20b_z.jpg,https://farm66.staticflickr.com/65535/49578668016_425d637945_o.png
https://farm66.staticflickr.com/65535/49578162568_e67743d7f4_z.jpg,https://farm66.staticflickr.com/65535/49578162568_01d5cd279e_o.png
https://farm66.staticflickr.com/65535/49578893847_cf752db597_z.jpg,https://farm66.staticflickr.com/65535/49578893847_4c4174d3c4_o.png
https://farm66.staticflickr.com/65535/49578162448_f97a05d907_z.jpg,https://farm66.staticflickr.com/65535/49578162448_684866eddd_o.png
https://farm66.staticflickr.com/65535/49578893342_705528da82_z.jpg,https://farm66.staticflickr.com/65535/49578893342_bd7c0262b3_o.png
https://farm66.staticflickr.com/65535/49578667221_701087e60f_z.jpg,https://farm66.staticflickr.com/65535/49578667221_eb1cdaf14e_o.png
https://farm66.staticflickr.com/65535/49578666961_90d6d0f3af_z.jpg,https://farm66.staticflickr.com/65535/49578666961_2c6a08a903_o.png
https://farm66.staticflickr.com/65535/49578161758_d499b1b430_z.jpg,https://farm66.staticflickr.com/65535/49578161758_3e526acf82_o.png
https://farm66.staticflickr.com/65535/49578666756_075eef6825_z.jpg,https://farm66.staticflickr.com/65535/49578666756_d83e79e484_o.png
https://farm66.staticflickr.com/65535/49578666576_fe68750ab6_z.jpg,https://farm66.staticflickr.com/65535/49578666576_8774d94dca_o.png
https://farm66.staticflickr.com/65535/49578892447_fc70c0ccaf_z.jpg,https://farm66.staticflickr.com/65535/49578892447_d88a319263_o.png
https://farm66.staticflickr.com/65535/49578892392_fa5db75fc8_z.jpg,https://farm66.staticflickr.com/65535/49578892392_906987749a_o.png
https://farm66.staticflickr.com/65535/49578161053_1c61c6976e_z.jpg,https://farm66.staticflickr.com/65535/49578161053_4fe25e5766_o.png
https://farm66.staticflickr.com/65535/49578892002_cc104ec741_z.jpg,https://farm66.staticflickr.com/65535/49578892002_c179460a92_o.png
https://farm66.staticflickr.com/65535/49578891897_08e26dab3b_z.jpg,https://farm66.staticflickr.com/65535/49578891897_4ab4735a8a_o.png
https://farm66.staticflickr.com/65535/49578665816_6667c82b98_z.jpg,https://farm66.staticflickr.com/65535/49578665816_8f80b90d6a_o.png
https://farm66.staticflickr.com/65535/49578665721_ddd3056da9_z.jpg,https://farm66.staticflickr.com/65535/49578665721_b38d0d7af8_o.png
https://farm66.staticflickr.com/65535/49578891447_f246b0b056_z.jpg,https://farm66.staticflickr.com/65535/49578891447_ca4bcaa0f3_o.png
https://farm66.staticflickr.com/65535/49578891307_d58640c5fa_z.jpg,https://farm66.staticflickr.com/65535/49578891307_2e6c89b14e_o.png
https://farm66.staticflickr.com/65535/49578160248_afd98d6327_z.jpg,https://farm66.staticflickr.com/65535/49578160248_f1177c67b4_o.png
https://farm66.staticflickr.com/65535/49578891012_41d27fda1e_z.jpg,https://farm66.staticflickr.com/65535/49578891012_a574b16814_o.png
https://farm66.staticflickr.com/65535/49578664901_7b33b6b83a_z.jpg,https://farm66.staticflickr.com/65535/49578664901_1ffb2972f5_o.png
https://farm66.staticflickr.com/65535/49578890757_1ce40c9e71_z.jpg,https://farm66.staticflickr.com/65535/49578890757_4899b8d19d_o.png
https://farm66.staticflickr.com/65535/49578664526_378737a111_z.jpg,https://farm66.staticflickr.com/65535/49578664526_619a0e30f4_o.png
https://farm66.staticflickr.com/65535/49578159328_930ae7a633_z.jpg,https://farm66.staticflickr.com/65535/49578159328_af3b88ff14_o.png
https://farm66.staticflickr.com/65535/49578664361_10435cd338_z.jpg,https://farm66.staticflickr.com/65535/49578664361_23275fae46_o.png
https://farm66.staticflickr.com/65535/49578159103_a6b88ea622_z.jpg,https://farm66.staticflickr.com/65535/49578159103_12473a9574_o.png
https://farm66.staticflickr.com/65535/49578663921_ffe2262c19_z.jpg,https://farm66.staticflickr.com/65535/49578663921_9d2708fde6_o.png
https://farm66.staticflickr.com/65535/49578889637_da62b9b470_z.jpg,https://farm66.staticflickr.com/65535/49578889637_b1374228f5_o.png
https://farm66.staticflickr.com/65535/49578158533_48cf4dcfb0_z.jpg,https://farm66.staticflickr.com/65535/49578158533_53b7a9c46f_o.png
https://farm66.staticflickr.com/65535/49578158443_6713f2f15d_z.jpg,https://farm66.staticflickr.com/65535/49578158443_edf4fe503d_o.png
https://farm66.staticflickr.com/65535/49578158053_fbf4ae15b9_z.jpg,https://farm66.staticflickr.com/65535/49578158053_8563607fa5_o.png
https://farm66.staticflickr.com/65535/49578157993_3ae2d3bb8a_z.jpg,https://farm66.staticflickr.com/65535/49578157993_1f78cbba4a_o.png
https://farm66.staticflickr.com/65535/49578888852_316fc61664_z.jpg,https://farm66.staticflickr.com/65535/49578888852_1f1c88cb96_o.png
https://farm66.staticflickr.com/65535/49578662566_ac5acbb955_z.jpg,https://farm66.staticflickr.com/65535/49578662566_6eb64e9ccf_o.png
https://farm66.staticflickr.com/65535/49578888197_2071bff26f_z.jpg,https://farm66.staticflickr.com/65535/49578888197_ccdb52bd72_o.png
https://farm66.staticflickr.com/65535/49578157118_81ce2ce59d_z.jpg,https://farm66.staticflickr.com/65535/49578157118_c902a53611_o.png
https://farm66.staticflickr.com/65535/49578157083_8c50a4cff3_z.jpg,https://farm66.staticflickr.com/65535/49578157083_f992e2009a_o.png
https://farm66.staticflickr.com/65535/49578661931_793f253c04_z.jpg,https://farm66.staticflickr.com/65535/49578661931_217bf9b4af_o.png
https://farm66.staticflickr.com/65535/49509946213_191ab5a034_z.jpg,https://farm66.staticflickr.com/65535/49509946213_cd61b19743_o.png
https://farm66.staticflickr.com/65535/49510685332_8d18821031_z.jpg,https://farm66.staticflickr.com/65535/49510685332_83aec2ee47_o.png
https://farm66.staticflickr.com/65535/49509946038_723684b669_z.jpg,https://farm66.staticflickr.com/65535/49509946038_bdb467e493_o.png
https://farm66.staticflickr.com/65535/49509945783_d347b97312_z.jpg,https://farm66.staticflickr.com/65535/49509945783_bbdd7304b2_o.png
https://farm66.staticflickr.com/65535/49510684857_25b55de558_z.jpg,https://farm66.staticflickr.com/65535/49510684857_aa9c0fa03b_o.png
https://farm66.staticflickr.com/65535/49509945483_2b549d0972_z.jpg,https://farm66.staticflickr.com/65535/49509945483_c5c211734f_o.png
https://farm66.staticflickr.com/65535/49509945388_a02aa12967_z.jpg,https://farm66.staticflickr.com/65535/49509945388_e028a41260_o.png
https://farm66.staticflickr.com/65535/49510454691_aca8ea6f4b_z.jpg,https://farm66.staticflickr.com/65535/49510454691_3a72201115_o.png
https://farm66.staticflickr.com/65535/49509944993_69ef23273c_z.jpg,https://farm66.staticflickr.com/65535/49509944993_5499748492_o.png
https://farm66.staticflickr.com/65535/49509944923_26d5ff4339_z.jpg,https://farm66.staticflickr.com/65535/49509944923_54c893285d_o.png
https://farm66.staticflickr.com/65535/49509944598_0bffcdf274_z.jpg,https://farm66.staticflickr.com/65535/49509944598_0c4d3d85bc_o.png
https://farm66.staticflickr.com/65535/49510454226_fc4cc23696_z.jpg,https://farm66.staticflickr.com/65535/49510454226_962fa5e18f_o.png
https://farm66.staticflickr.com/65535/49510683662_38050723ef_z.jpg,https://farm66.staticflickr.com/65535/49510683662_92d2af5240_o.png
https://farm66.staticflickr.com/65535/49510683472_fa189c399c_z.jpg,https://farm66.staticflickr.com/65535/49510683472_5995074ba9_o.png
https://farm66.staticflickr.com/65535/49510683402_b786de633f_z.jpg,https://farm66.staticflickr.com/65535/49510683402_0442972e58_o.png
https://farm66.staticflickr.com/65535/49510453646_c11cb778e4_z.jpg,https://farm66.staticflickr.com/65535/49510453646_9e34e11164_o.png
https://farm66.staticflickr.com/65535/49510453436_09ff445332_z.jpg,https://farm66.staticflickr.com/65535/49510453436_deb3e9226b_o.png
https://farm66.staticflickr.com/65535/49510683017_5d4d5e280f_z.jpg,https://farm66.staticflickr.com/65535/49510683017_70d28ce126_o.png
https://farm66.staticflickr.com/65535/49509943573_ffc28c7f07_z.jpg,https://farm66.staticflickr.com/65535/49509943573_67b272b1b2_o.png
https://farm66.staticflickr.com/65535/49510453061_18cf3134f9_z.jpg,https://farm66.staticflickr.com/65535/49510453061_14507abd57_o.png
https://farm66.staticflickr.com/65535/49510452916_bdbaf9337a_z.jpg,https://farm66.staticflickr.com/65535/49510452916_a0388e8283_o.png
https://farm66.staticflickr.com/65535/49509943058_b429884da0_z.jpg,https://farm66.staticflickr.com/65535/49509943058_035b678ae8_o.png
https://farm66.staticflickr.com/65535/49509942743_88d2dfa761_z.jpg,https://farm66.staticflickr.com/65535/49509942743_2215029ac0_o.png
https://farm66.staticflickr.com/65535/49510682012_bf9742be6e_z.jpg,https://farm66.staticflickr.com/65535/49510682012_7798b6d482_o.png
https://farm66.staticflickr.com/65535/49509942608_4df8621654_z.jpg,https://farm66.staticflickr.com/65535/49509942608_8d38b43459_o.png
https://farm66.staticflickr.com/65535/49510452161_32d68142d5_z.jpg,https://farm66.staticflickr.com/65535/49510452161_e006efde52_o.png
https://farm66.staticflickr.com/65535/49509942173_d83603f75c_z.jpg,https://farm66.staticflickr.com/65535/49509942173_fe17ee5317_o.png
https://farm66.staticflickr.com/65535/49510451796_50dc32968e_z.jpg,https://farm66.staticflickr.com/65535/49510451796_3c1c5e47d2_o.png
https://farm66.staticflickr.com/65535/49510681192_3219869551_z.jpg,https://farm66.staticflickr.com/65535/49510681192_59c56d56c4_o.png
https://farm66.staticflickr.com/65535/49509941678_80940d8ef0_z.jpg,https://farm66.staticflickr.com/65535/49509941678_6bc51b528e_o.png
https://farm66.staticflickr.com/65535/49510451406_82f231374c_z.jpg,https://farm66.staticflickr.com/65535/49510451406_10d1b0c0cf_o.png
https://farm66.staticflickr.com/65535/49510680797_b0551c9a71_z.jpg,https://farm66.staticflickr.com/65535/49510680797_776d8e44aa_o.png
https://farm66.staticflickr.com/65535/49510680702_43c3cf5e8c_z.jpg,https://farm66.staticflickr.com/65535/49510680702_95655547f1_o.png
https://farm66.staticflickr.com/65535/49509941193_953087d643_z.jpg,https://farm66.staticflickr.com/65535/49509941193_8c4a9eea8e_o.png
https://farm66.staticflickr.com/65535/49509940973_d23635102a_z.jpg,https://farm66.staticflickr.com/65535/49509940973_345f442551_o.png
https://farm66.staticflickr.com/65535/49509940743_a942a47d69_z.jpg,https://farm66.staticflickr.com/65535/49509940743_fd2b550198_o.png
https://farm66.staticflickr.com/65535/49509940763_1b50728306_z.jpg,https://farm66.staticflickr.com/65535/49509940763_6085cac49b_o.png
https://farm66.staticflickr.com/65535/49510450401_74ba8e53d7_z.jpg,https://farm66.staticflickr.com/65535/49510450401_a27eaf85d2_o.png
https://farm66.staticflickr.com/65535/49509940383_acb0088ef1_z.jpg,https://farm66.staticflickr.com/65535/49509940383_c8e37fa4bc_o.png
https://farm66.staticflickr.com/65535/49494261473_7f69274152_z.jpg,https://farm66.staticflickr.com/65535/49494261473_157a488c37_o.png
https://farm66.staticflickr.com/65535/49494261333_951c45472b_z.jpg,https://farm66.staticflickr.com/65535/49494261333_0cd278f126_o.png
https://farm66.staticflickr.com/65535/49494975452_a2c59fbc73_z.jpg,https://farm66.staticflickr.com/65535/49494975452_27768de5b1_o.png
https://farm66.staticflickr.com/65535/49494755386_6b286dea81_z.jpg,https://farm66.staticflickr.com/65535/49494755386_949a2f316d_o.png
https://farm66.staticflickr.com/65535/49494975057_0662d5525f_z.jpg,https://farm66.staticflickr.com/65535/49494975057_44d955d975_o.png
https://farm66.staticflickr.com/65535/49494755196_88f0bf1882_z.jpg,https://farm66.staticflickr.com/65535/49494755196_537110bb28_o.png
https://farm66.staticflickr.com/65535/49494974752_7ffcfa81d1_z.jpg,https://farm66.staticflickr.com/65535/49494974752_1dbac8fc4a_o.png
https://farm66.staticflickr.com/65535/49494260593_256a882dbe_z.jpg,https://farm66.staticflickr.com/65535/49494260593_ea8994de5d_o.png
https://farm66.staticflickr.com/65535/49494974552_32c84b3138_z.jpg,https://farm66.staticflickr.com/65535/49494974552_f43bccf361_o.png
https://farm66.staticflickr.com/65535/49494260353_8c9ba9851c_z.jpg,https://farm66.staticflickr.com/65535/49494260353_d5557f0486_o.png
https://farm66.staticflickr.com/65535/49494937922_875886f5bf_z.jpg,https://farm66.staticflickr.com/65535/49494937922_20405414ef_o.png
https://farm66.staticflickr.com/65535/49494937782_71e253b38d_z.jpg,https://farm66.staticflickr.com/65535/49494937782_8be2d4426f_o.png
https://farm66.staticflickr.com/65535/49494937652_b3c48e818a_z.jpg,https://farm66.staticflickr.com/65535/49494937652_e22b8074cd_o.png
https://farm66.staticflickr.com/65535/49494223968_cbda092cca_z.jpg,https://farm66.staticflickr.com/65535/49494223968_72ce60822d_o.png
https://farm66.staticflickr.com/65535/49494718366_6918583383_z.jpg,https://farm66.staticflickr.com/65535/49494718366_d4e8b0792b_o.png
https://farm66.staticflickr.com/65535/49494223858_320567937c_z.jpg,https://farm66.staticflickr.com/65535/49494223858_05123ebfc6_o.png
https://farm66.staticflickr.com/65535/49494221223_f1616a0387_z.jpg,https://farm66.staticflickr.com/65535/49494221223_6dc075c400_o.png
https://farm66.staticflickr.com/65535/49494715891_303acb9487_z.jpg,https://farm66.staticflickr.com/65535/49494715891_6cc3850361_o.png
https://farm66.staticflickr.com/65535/49494934857_919006af1a_z.jpg,https://farm66.staticflickr.com/65535/49494934857_96e7b53647_o.png
https://farm66.staticflickr.com/65535/49494221028_517d343402_z.jpg,https://farm66.staticflickr.com/65535/49494221028_3350539fb1_o.png
https://farm66.staticflickr.com/65535/49494220858_9cbc9c1437_z.jpg,https://farm66.staticflickr.com/65535/49494220858_349c1d65e3_o.png
https://farm66.staticflickr.com/65535/49494715516_07817162af_z.jpg,https://farm66.staticflickr.com/65535/49494715516_189553464f_o.png
https://farm66.staticflickr.com/65535/49494934522_301e9ac0ce_z.jpg,https://farm66.staticflickr.com/65535/49494934522_fc47a5ff43_o.png
https://farm66.staticflickr.com/65535/49494934482_270bae7dfc_z.jpg,https://farm66.staticflickr.com/65535/49494934482_d79879dd89_o.png
https://farm66.staticflickr.com/65535/49494715241_4118a921c7_z.jpg,https://farm66.staticflickr.com/65535/49494715241_6136184980_o.png
https://farm66.staticflickr.com/65535/49494220243_c9f12cf4f8_z.jpg,https://farm66.staticflickr.com/65535/49494220243_2557efc750_o.png
https://farm66.staticflickr.com/65535/49494220263_5e78d84aa7_z.jpg,https://farm66.staticflickr.com/65535/49494220263_6817ee8646_o.png
https://farm66.staticflickr.com/65535/49494933997_61185e99ea_z.jpg,https://farm66.staticflickr.com/65535/49494933997_c22e4854e5_o.png
https://farm66.staticflickr.com/65535/49494714751_376b685717_z.jpg,https://farm66.staticflickr.com/65535/49494714751_47523b3bf2_o.png
https://farm66.staticflickr.com/65535/49494219893_6ddaca526b_z.jpg,https://farm66.staticflickr.com/65535/49494219893_ffca061580_o.png
https://farm66.staticflickr.com/65535/49494714621_5cef5b498f_z.jpg,https://farm66.staticflickr.com/65535/49494714621_fabc257c92_o.png
https://farm66.staticflickr.com/65535/49494714531_8e3c33d181_z.jpg,https://farm66.staticflickr.com/65535/49494714531_ef7220de55_o.png
https://farm66.staticflickr.com/65535/49494975307_632ea2db53_z.jpg,https://farm66.staticflickr.com/65535/49494975307_38d334c2a6_o.png
https://farm66.staticflickr.com/65535/49494714481_ccceb27ee1_z.jpg,https://farm66.staticflickr.com/65535/49494714481_642384baf4_o.png
https://farm66.staticflickr.com/65535/49494714421_ffc6c42d67_z.jpg,https://farm66.staticflickr.com/65535/49494714421_f3b8c49687_o.png
https://farm66.staticflickr.com/65535/49494219303_0840a47c3a_z.jpg,https://farm66.staticflickr.com/65535/49494219303_d41d474e79_o.png
https://farm66.staticflickr.com/65535/49494219313_1f5033eb4c_z.jpg,https://farm66.staticflickr.com/65535/49494219313_c2c81810ae_o.png
https://farm66.staticflickr.com/65535/49494714196_2e99a3d69c_z.jpg,https://farm66.staticflickr.com/65535/49494714196_10bce42dd8_o.png
https://farm66.staticflickr.com/65535/49494218933_b2048bc1e7_z.jpg,https://farm66.staticflickr.com/65535/49494218933_ca507184c6_o.png
https://farm66.staticflickr.com/65535/49494932962_fa69ba4438_z.jpg,https://farm66.staticflickr.com/65535/49494932962_6d2a8f33c4_o.png
https://farm66.staticflickr.com/65535/49494932957_cdb3117365_z.jpg,https://farm66.staticflickr.com/65535/49494932957_8e50178681_o.png
https://farm66.staticflickr.com/65535/49494925412_b10ca87e3e_z.jpg,https://farm66.staticflickr.com/65535/49494925412_0cd40b1610_o.png
https://farm66.staticflickr.com/65535/49494705986_6cd1241654_z.jpg,https://farm66.staticflickr.com/65535/49494705986_3aa214996a_o.png
https://farm66.staticflickr.com/65535/49494211113_4d3a271407_z.jpg,https://farm66.staticflickr.com/65535/49494211113_1313ee8884_o.png
https://farm66.staticflickr.com/65535/49494924557_126370180c_z.jpg,https://farm66.staticflickr.com/65535/49494924557_56400283ff_o.png
https://farm66.staticflickr.com/65535/49494210328_5827e9c857_z.jpg,https://farm66.staticflickr.com/65535/49494210328_83dc516169_o.png
https://farm66.staticflickr.com/65535/49494924217_f31d7c7865_z.jpg,https://farm66.staticflickr.com/65535/49494924217_56296fb62c_o.png
https://farm66.staticflickr.com/65535/49494704801_a99876d8c6_z.jpg,https://farm66.staticflickr.com/65535/49494704801_88bf35471f_o.png
https://farm66.staticflickr.com/65535/49494923902_3b903f2d1c_z.jpg,https://farm66.staticflickr.com/65535/49494923902_2d61ab9304_o.png
https://farm66.staticflickr.com/65535/49494704516_b478203957_z.jpg,https://farm66.staticflickr.com/65535/49494704516_c1f19488ce_o.png
https://farm66.staticflickr.com/65535/49494704446_93bfc9f1e3_z.jpg,https://farm66.staticflickr.com/65535/49494704446_4fe24766ab_o.png
https://farm66.staticflickr.com/65535/49494204913_1b807e7066_z.jpg,https://farm66.staticflickr.com/65535/49494204913_fb9ebcac47_o.png
https://farm66.staticflickr.com/65535/49494699631_4b24dbbc31_z.jpg,https://farm66.staticflickr.com/65535/49494699631_075144facc_o.png
https://farm66.staticflickr.com/65535/49494914247_11937765a7_z.jpg,https://farm66.staticflickr.com/65535/49494914247_8fd9e8619d_o.png
https://farm66.staticflickr.com/65535/49494694956_506c996d86_z.jpg,https://farm66.staticflickr.com/65535/49494694956_001b11b8a9_o.png
https://farm66.staticflickr.com/65535/49494269156_4ca2097e4e_z.jpg,https://farm66.staticflickr.com/65535/49494269156_e252a11569_o.png
https://farm66.staticflickr.com/65535/49494485677_cc077afcca_z.jpg,https://farm66.staticflickr.com/65535/49494485677_0f6fb76df6_o.png
https://farm66.staticflickr.com/65535/49493771568_18dcf07b57_z.jpg,https://farm66.staticflickr.com/65535/49493771568_45456314f8_o.png
https://farm66.staticflickr.com/65535/49494264021_7c56f16c41_z.jpg,https://farm66.staticflickr.com/65535/49494264021_3e23eb5c65_o.png
https://farm66.staticflickr.com/65535/49493766528_9b0e492a2c_z.jpg,https://farm66.staticflickr.com/65535/49493766528_9fac1e4110_o.png
https://farm66.staticflickr.com/65535/49494480802_fc98327a6c_z.jpg,https://farm66.staticflickr.com/65535/49494480802_1c0f5479de_o.png
https://farm66.staticflickr.com/65535/49493766318_804d480efe_z.jpg,https://farm66.staticflickr.com/65535/49493766318_e714b9a4de_o.png
https://farm66.staticflickr.com/65535/49493766278_ee0a431c7c_z.jpg,https://farm66.staticflickr.com/65535/49493766278_7fe3fc7e81_o.png
https://farm66.staticflickr.com/65535/50170123203_d566e98cf6_z.jpg,https://farm66.staticflickr.com/65535/50170123203_5c949c20da_o.png
https://farm66.staticflickr.com/65535/50170123073_f0cec5409a_z.jpg,https://farm66.staticflickr.com/65535/50170123073_237534151e_o.png
https://farm66.staticflickr.com/65535/50170122958_0e4891cd4e_z.jpg,https://farm66.staticflickr.com/65535/50170122958_c227d88b80_o.png
https://farm66.staticflickr.com/65535/50168633133_6a50910599_z.jpg,https://farm66.staticflickr.com/65535/50168633133_930a3b046d_o.png
https://farm66.staticflickr.com/65535/50169430967_95d91616e1_z.jpg,https://farm66.staticflickr.com/65535/50169430967_61272d2cb7_o.png
https://farm66.staticflickr.com/65535/50169172091_eb67824309_z.jpg,https://farm66.staticflickr.com/65535/50169172091_9251c68623_o.png
https://farm66.staticflickr.com/65535/50169172016_781750e791_z.jpg,https://farm66.staticflickr.com/65535/50169172016_4fe839f00e_o.png